Município,Quantidade_SUS,Quantidade_Não_SUS
110001 ALTA FLORESTA D'OESTE,49,6
110002 ARIQUEMES,139,118
110003 CABIXI,8,-
110004 CACOAL,313,87
110005 CEREJEIRAS,40,-
110006 COLORADO DO OESTE,50,-
110007 CORUMBIARA,10,-
110008 COSTA MARQUES,45,-
110009 ESPIGAO D'OESTE,36,18
110010 GUAJARA-MIRIM,105,9
110011 JARU,100,15
110012 JI-PARANA,232,67
110013 MACHADINHO D'OESTE,48,-
110014 NOVA BRASILANDIA D'OESTE,44,-
110015 OURO PRETO DO OESTE,81,77
110018 PIMENTA BUENO,55,12
110020 PORTO VELHO,1347,545
110025 PRESIDENTE MEDICI,48,-
110026 RIO CRESPO,8,-
110028 ROLIM DE MOURA,68,13
110029 SANTA LUZIA D'OESTE,25,-
110030 VILHENA,206,65
110032 SAO MIGUEL DO GUAPORE,46,-
110033 NOVA MAMORE,35,-
110034 ALVORADA D'OESTE,35,-
110037 ALTO ALEGRE DOS PARECIS,24,-
110040 ALTO PARAISO,16,-
110045 BURITIS,32,34
110050 NOVO HORIZONTE DO OESTE,23,-
110060 CACAULANDIA,13,-
110070 CAMPO NOVO DE RONDONIA,19,-
110080 CANDEIAS DO JAMARI,15,-
110090 CASTANHEIRAS,19,-
110092 CHUPINGUAIA,11,-
110094 CUJUBIM,29,-
110100 GOVERNADOR JORGE TEIXEIRA,21,1
110110 ITAPUA DO OESTE,20,-
110120 MINISTRO ANDREAZZA,16,-
110130 MIRANTE DA SERRA,25,8
110140 MONTE NEGRO,31,-
110143 NOVA UNIAO,17,-
110145 PARECIS,8,-
110146 PIMENTEIRAS DO OESTE,6,-
110147 PRIMAVERA DE RONDONIA,-,3
110148 SAO FELIPE D'OESTE,12,-
110149 SAO FRANCISCO DO GUAPORE,31,-
110150 SERINGUEIRAS,36,-
110155 TEIXEIROPOLIS,12,-
110160 THEOBROMA,13,-
110170 URUPA,25,-
110175 VALE DO ANARI,12,-
110180 VALE DO PARAISO,16,-
120001 ACRELANDIA,7,-
120005 ASSIS BRASIL,12,-
120010 BRASILEIA,61,-
120020 CRUZEIRO DO SUL,176,14
120030 FEIJO,42,-
120032 JORDAO,10,-
120033 MANCIO LIMA,32,-
120034 MANOEL URBANO,23,-
120035 MARECHAL THAUMATURGO,14,-
120038 PLACIDO DE CASTRO,45,-
120039 PORTO WALTER,7,-
120040 RIO BRANCO,813,131
120042 RODRIGUES ALVES,16,-
120043 SANTA ROSA DO PURUS,16,-
120045 SENADOR GUIOMARD,29,-
120050 SENA MADUREIRA,30,-
120060 TARAUACA,42,-
120070 XAPURI,34,-
130002 ALVARAES,38,-
130006 AMATURA,30,-
130008 ANAMA,20,-
130010 ANORI,32,-
130014 APUI,36,-
130020 ATALAIA DO NORTE,31,-
130030 AUTAZES,41,-
130040 BARCELOS,29,-
130050 BARREIRINHA,30,-
130060 BENJAMIN CONSTANT,48,-
130063 BERURI,22,-
130068 BOA VISTA DO RAMOS,22,-
130070 BOCA DO ACRE,65,-
130080 BORBA,49,-
130083 CAAPIRANGA,20,-
130090 CANUTAMA,24,-
130100 CARAUARI,45,1
130110 CAREIRO,20,-
130115 CAREIRO DA VARZEA,19,-
130120 COARI,101,4
130130 CODAJAS,48,-
130140 EIRUNEPE,76,-
130150 ENVIRA,24,-
130160 FONTE BOA,58,-
130165 GUAJARA,20,-
130170 HUMAITA,39,1
130180 IPIXUNA,26,-
130185 IRANDUBA,40,-
130190 ITACOATIARA,110,-
130195 ITAMARATI,25,-
130200 ITAPIRANGA,29,-
130210 JAPURA,20,-
130220 JURUA,20,-
130230 JUTAI,25,-
130240 LABREA,52,-
130250 MANACAPURU,72,-
130255 MANAQUIRI,30,-
130260 MANAUS,2850,854
130270 MANICORE,49,-
130280 MARAA,19,-
130290 MAUES,95,-
130300 NHAMUNDA,24,-
130310 NOVA OLINDA DO NORTE,41,-
130320 NOVO AIRAO,26,-
130330 NOVO ARIPUANA,25,2
130340 PARINTINS,167,10
130350 PAUINI,29,-
130353 PRESIDENTE FIGUEIREDO,29,-
130356 RIO PRETO DA EVA,23,-
130360 SANTA ISABEL DO RIO NEGRO,20,1
130370 SANTO ANTONIO DO ICA,44,28
130380 SAO GABRIEL DA CACHOEIRA,78,-
130390 SAO PAULO DE OLIVENCA,45,1
130395 SAO SEBASTIAO DO UATUMA,20,-
130400 SILVES,27,-
130406 TABATINGA,63,-
130410 TAPAUA,30,-
130420 TEFE,93,12
130423 TONANTINS,33,-
130426 UARINI,26,-
130430 URUCARA,40,-
130440 URUCURITUBA,32,-
140005 ALTO ALEGRE,30,-
140010 BOA VISTA,1083,90
140015 BONFIM,3,10
140020 CARACARAI,15,-
140023 CAROEBE,14,-
140028 IRACEMA,-,1
140030 MUCAJAI,1,16
140040 NORMANDIA,6,18
140045 PACARAIMA,13,-
140047 RORAINOPOLIS,84,-
140050 SAO JOAO DA BALIZA,20,-
140060 SAO LUIZ,11,-
150010 ABAETETUBA,226,52
150013 ABEL FIGUEIREDO,21,-
150020 ACARA,33,-
150030 AFUA,30,-
150034 AGUA AZUL DO NORTE,40,-
150040 ALENQUER,91,4
150050 ALMEIRIM,107,-
150060 ALTAMIRA,179,46
150070 ANAJAS,20,-
150080 ANANINDEUA,718,148
150085 ANAPU,41,-
150090 AUGUSTO CORREA,71,12
150095 AURORA DO PARA,58,-
150110 BAGRE,15,-
150120 BAIAO,32,1
150125 BANNACH,10,-
150130 BARCARENA,128,45
150140 BELEM,2251,1647
150145 BELTERRA,48,-
150157 BOM JESUS DO TOCANTINS,31,-
150170 BRAGANCA,252,53
150172 BRASIL NOVO,33,-
150175 BREJO GRANDE DO ARAGUAIA,24,-
150178 BREU BRANCO,29,-
150180 BREVES,140,-
150200 CACHOEIRA DO ARARI,20,-
150210 CAMETA,157,26
150215 CANAA DOS CARAJAS,77,33
150220 CAPANEMA,237,23
150230 CAPITAO POCO,89,100
150240 CASTANHAL,423,102
150250 CHAVES,16,-
150270 CONCEICAO DO ARAGUAIA,117,2
150275 CONCORDIA DO PARA,30,-
150276 CUMARU DO NORTE,11,-
150277 CURIONOPOLIS,39,-
150280 CURRALINHO,26,-
150290 CURUCA,27,-
150293 DOM ELISEU,93,23
150295 ELDORADO DOS CARAJAS,41,-
150300 FARO,10,-
150304 FLORESTA DO ARAGUAIA,20,-
150307 GARRAFAO DO NORTE,18,-
150309 GOIANESIA DO PARA,24,-
150310 GURUPA,23,-
150320 IGARAPE-ACU,45,-
150330 IGARAPE-MIRI,129,16
150340 INHANGAPI,19,-
150345 IPIXUNA DO PARA,83,-
150350 IRITUIA,30,-
150360 ITAITUBA,188,329
150370 ITUPIRANGA,53,-
150375 JACAREACANGA,27,-
150380 JACUNDA,73,39
150390 JURUTI,87,13
150400 LIMOEIRO DO AJURU,20,-
150405 MAE DO RIO,52,-
150420 MARABA,231,107
150430 MARACANA,27,-
150440 MARAPANIM,18,-
150442 MARITUBA,134,28
150445 MEDICILANDIA,38,-
150450 MELGACO,15,-
150460 MOCAJUBA,27,-
150470 MOJU,50,-
150480 MONTE ALEGRE,57,-
150490 MUANA,42,-
150495 NOVA ESPERANCA DO PIRIA,32,-
150497 NOVA IPIXUNA,15,-
150500 NOVA TIMBOTEUA,6,-
150503 NOVO PROGRESSO,34,13
150506 NOVO REPARTIMENTO,54,-
150510 OBIDOS,63,2
150520 OEIRAS DO PARA,15,-
150530 ORIXIMINA,74,19
150540 OUREM,24,-
150543 OURILANDIA DO NORTE,188,2
150548 PACAJA,32,5
150549 PALESTINA DO PARA,20,-
150550 PARAGOMINAS,102,75
150553 PARAUAPEBAS,149,190
150555 PAU D'ARCO,22,-
150563 PICARRA,27,-
150565 PLACAS,39,-
150570 PONTA DE PEDRAS,20,-
150580 PORTEL,49,-
150590 PORTO DE MOZ,49,-
150600 PRAINHA,24,-
150610 PRIMAVERA,10,-
150613 REDENCAO,192,93
150616 RIO MARIA,31,25
150618 RONDON DO PARA,36,24
150619 RUROPOLIS,29,-
150620 SALINOPOLIS,47,-
150630 SALVATERRA,19,-
150640 SANTA CRUZ DO ARARI,15,-
150650 SANTA IZABEL DO PARA,60,-
150655 SANTA LUZIA DO PARA,16,-
150658 SANTA MARIA DAS BARREIRAS,46,-
150660 SANTA MARIA DO PARA,51,-
150670 SANTANA DO ARAGUAIA,66,-
150680 SANTAREM,314,80
150700 SANTO ANTONIO DO TAUA,85,-
150710 SAO CAETANO DE ODIVELAS,20,-
150715 SAO DOMINGOS DO ARAGUAIA,21,-
150720 SAO DOMINGOS DO CAPIM,31,-
150730 SAO FELIX DO XINGU,98,45
150745 SAO GERALDO DO ARAGUAIA,41,-
150747 SAO JOAO DE PIRABAS,24,-
150750 SAO JOAO DO ARAGUAIA,19,-
150760 SAO MIGUEL DO GUAMA,66,-
150770 SAO SEBASTIAO DA BOA VISTA,32,-
150775 SAPUCAIA,14,-
150780 SENADOR JOSE PORFIRIO,14,-
150790 SOURE,48,-
150795 TAILANDIA,40,-
150797 TERRA SANTA,26,-
150800 TOME-ACU,77,10
150803 TRACUATEUA,15,-
150805 TRAIRAO,21,-
150808 TUCUMA,87,12
150810 TUCURUI,209,70
150812 ULIANOPOLIS,100,-
150815 URUARA,78,3
150820 VIGIA,37,-
150830 VISEU,65,-
150835 VITORIA DO XINGU,42,-
150840 XINGUARA,87,32
160005 SERRA DO NAVIO,30,-
160010 AMAPA,37,-
160015 PEDRA BRANCA DO AMAPARI,16,-
160020 CALCOENE,20,-
160023 FERREIRA GOMES,13,-
160027 LARANJAL DO JARI,73,-
160030 MACAPA,850,175
160040 MAZAGAO,14,-
160050 OIAPOQUE,51,-
160053 PORTO GRANDE,34,-
160060 SANTANA,125,3
160070 TARTARUGALZINHO,18,-
160080 VITORIA DO JARI,8,-
170070 ALVORADA,32,-
170100 ANANAS,20,-
170190 ARAGUACEMA,17,-
170200 ARAGUACU,30,-
170210 ARAGUAINA,491,107
170220 ARAGUATINS,25,-
170230 ARAPOEMA,28,-
170240 ARRAIAS,50,-
170255 AUGUSTINOPOLIS,80,-
170305 BANDEIRANTES DO TOCANTINS,3,-
170370 BREJINHO DE NAZARE,5,-
170550 COLINAS DO TOCANTINS,69,-
170610 CRISTALANDIA,27,-
170700 DIANOPOLIS,39,-
170710 DIVINOPOLIS DO TOCANTINS,31,-
170730 DUERE,5,9
170765 FIGUEIROPOLIS,5,-
170770 FILADELFIA,5,-
170820 FORMOSO DO ARAGUAIA,19,-
170900 GOIATINS,16,-
170930 GUARAI,60,2
170950 GURUPI,173,67
171050 ITACAJA,27,-
171190 LAGOA DA CONFUSAO,30,-
171250 MARIANOPOLIS DO TOCANTINS,6,-
171320 MIRACEMA DO TOCANTINS,72,-
171330 MIRANORTE,20,-
171360 MONTE DO CARMO,15,-
171420 NATIVIDADE,13,-
171575 PALMEIROPOLIS,32,-
171610 PARAISO DO TOCANTINS,104,-
171620 PARANA,24,-
171650 PEDRO AFONSO,31,-
171660 PEIXE,27,-
171670 COLMEIA,21,-
171700 PINDORAMA DO TOCANTINS,15,-
171750 PIUM,21,-
171780 PONTE ALTA DO BOM JESUS,2,-
171790 PONTE ALTA DO TOCANTINS,7,-
171820 PORTO NACIONAL,154,-
172065 SILVANOPOLIS,14,-
172080 SITIO NOVO DO TOCANTINS,20,-
172090 TAGUATINGA,24,-
172100 PALMAS,586,459
172120 TOCANTINOPOLIS,38,-
172210 XAMBIOA,31,-
210005 ACAILANDIA,166,90
210010 AFONSO CUNHA,20,-
210020 ALCANTARA,31,-
210030 ALDEIAS ALTAS,24,-
210043 ALTO ALEGRE DO MARANHAO,50,-
210047 ALTO ALEGRE DO PINDARE,43,-
210050 ALTO PARNAIBA,31,-
210055 AMAPA DO MARANHAO,11,-
210060 AMARANTE DO MARANHAO,86,9
210070 ANAJATUBA,27,-
210080 ANAPURUS,16,-
210083 APICUM-ACU,15,-
210087 ARAGUANA,17,-
210090 ARAIOSES,117,-
210095 ARAME,58,-
210100 ARARI,48,-
210110 AXIXA,25,-
210120 BACABAL,196,11
210125 BACABEIRA,26,-
210130 BACURI,23,-
210140 BALSAS,132,23
210150 BARAO DE GRAJAU,31,-
210160 BARRA DO CORDA,185,30
210170 BARREIRINHAS,53,5
210173 BELAGUA,7,-
210177 BELA VISTA DO MARANHAO,18,-
210180 BENEDITO LEITE,14,-
210190 BEQUIMAO,18,-
210193 BERNARDO DO MEARIM,15,-
210197 BOA VISTA DO GURUPI,15,-
210200 BOM JARDIM,36,-
210203 BOM JESUS DAS SELVAS,22,-
210210 BREJO,37,-
210220 BURITI,27,-
210230 BURITI BRAVO,44,-
210232 BURITICUPU,69,-
210235 BURITIRANA,19,-
210240 CAJAPIO,19,-
210250 CAJARI,20,-
210255 CAMPESTRE DO MARANHAO,21,-
210260 CANDIDO MENDES,21,-
210270 CANTANHEDE,59,-
210275 CAPINZAL DO NORTE,12,1
210280 CAROLINA,43,-
210290 CARUTAPERA,46,-
210300 CAXIAS,354,-
210310 CEDRAL,15,-
210312 CENTRAL DO MARANHAO,15,-
210317 CENTRO NOVO DO MARANHAO,14,-
210320 CHAPADINHA,135,32
210325 CIDELANDIA,21,-
210330 CODO,104,-
210340 COELHO NETO,109,20
210350 COLINAS,130,-
210355 CONCEICAO DO LAGO-ACU,15,-
210360 COROATA,94,-
210370 CURURUPU,103,6
210375 DAVINOPOLIS,1,-
210380 DOM PEDRO,29,-
210390 DUQUE BACELAR,26,-
210400 ESPERANTINOPOLIS,44,-
210405 ESTREITO,53,8
210407 FEIRA NOVA DO MARANHAO,20,-
210408 FERNANDO FALCAO,18,-
210409 FORMOSA DA SERRA NEGRA,13,-
210410 FORTALEZA DOS NOGUEIRAS,31,-
210420 FORTUNA,20,-
210440 GONCALVES DIAS,29,-
210450 GOVERNADOR ARCHER,24,-
210455 GOVERNADOR EDISON LOBAO,33,-
210460 GOVERNADOR EUGENIO BARROS,30,5
210462 GOVERNADOR LUIZ ROCHA,20,-
210465 GOVERNADOR NEWTON BELLO,25,-
210467 GOVERNADOR NUNES FREIRE,200,4
210470 GRACA ARANHA,18,-
210480 GRAJAU,250,2
210490 GUIMARAES,32,4
210500 HUMBERTO DE CAMPOS,30,-
210510 ICATU,30,4
210515 IGARAPE DO MEIO,42,-
210520 IGARAPE GRANDE,37,-
210530 IMPERATRIZ,638,178
210535 ITAIPAVA DO GRAJAU,25,-
210540 ITAPECURU MIRIM,74,-
210542 ITINGA DO MARANHAO,76,-
210545 JATOBA,16,-
210547 JENIPAPO DOS VIEIRAS,20,-
210550 JOAO LISBOA,60,4
210560 JOSELANDIA,22,-
210565 JUNCO DO MARANHAO,3,-
210570 LAGO DA PEDRA,152,47
210580 LAGO DO JUNCO,20,-
210590 LAGO VERDE,45,-
210592 LAGOA DO MATO,23,-
210594 LAGO DOS RODRIGUES,18,-
210596 LAGOA GRANDE DO MARANHAO,19,-
210600 LIMA CAMPOS,27,-
210610 LORETO,20,-
210620 LUIS DOMINGUES,9,-
210630 MAGALHAES DE ALMEIDA,20,-
210632 MARACACUME,11,-
210637 MARANHAOZINHO,18,-
210640 MATA ROMA,23,-
210650 MATINHA,17,-
210660 MATOES,50,-
210663 MATOES DO NORTE,2,-
210667 MILAGRES DO MARANHAO,12,-
210670 MIRADOR,22,-
210675 MIRANDA DO NORTE,44,8
210680 MIRINZAL,17,-
210690 MONCAO,70,-
210700 MONTES ALTOS,24,-
210710 MORROS,34,4
210720 NINA RODRIGUES,24,-
210725 NOVA COLINAS,24,-
210730 NOVA IORQUE,15,-
210735 NOVA OLINDA DO MARANHAO,60,-
210740 OLHO D'AGUA DAS CUNHAS,20,-
210745 OLINDA NOVA DO MARANHAO,42,8
210750 PACO DO LUMIAR,26,-
210760 PALMEIRANDIA,15,2
210770 PARAIBANO,48,-
210780 PARNARAMA,51,-
210790 PASSAGEM FRANCA,90,26
210800 PASTOS BONS,55,-
210805 PAULINO NEVES,20,-
210810 PAULO RAMOS,35,-
210820 PEDREIRAS,138,27
210825 PEDRO DO ROSARIO,36,-
210830 PENALVA,62,-
210840 PERI MIRIM,27,-
210845 PERITORO,58,4
210850 PINDARE-MIRIM,40,-
210860 PINHEIRO,228,8
210870 PIO XII,44,-
210880 PIRAPEMAS,24,-
210890 POCAO DE PEDRAS,29,-
210900 PORTO FRANCO,54,8
210905 PORTO RICO DO MARANHAO,28,-
210910 PRESIDENTE DUTRA,190,4
210920 PRESIDENTE JUSCELINO,15,-
210923 PRESIDENTE MEDICI,24,-
210927 PRESIDENTE SARNEY,15,-
210930 PRESIDENTE VARGAS,22,-
210940 PRIMEIRA CRUZ,19,-
210945 RAPOSA,20,35
210950 RIACHAO,51,-
210955 RIBAMAR FIQUENE,7,-
210960 ROSARIO,113,10
210970 SAMBAIBA,32,-
210975 SANTA FILOMENA DO MARANHAO,17,-
210980 SANTA HELENA,61,-
210990 SANTA INES,220,82
211000 SANTA LUZIA,58,-
211003 SANTA LUZIA DO PARUA,80,-
211010 SANTA QUITERIA DO MARANHAO,42,-
211020 SANTA RITA,35,-
211023 SANTANA DO MARANHAO,16,-
211027 SANTO AMARO DO MARANHAO,20,-
211030 SANTO ANTONIO DOS LOPES,30,-
211040 SAO BENEDITO DO RIO PRETO,32,-
211050 SAO BENTO,49,-
211060 SAO BERNARDO,27,-
211065 SAO DOMINGOS DO AZEITAO,20,-
211070 SAO DOMINGOS DO MARANHAO,46,4
211080 SAO FELIX DE BALSAS,22,-
211085 SAO FRANCISCO DO BREJAO,24,-
211090 SAO FRANCISCO DO MARANHAO,25,-
211100 SAO JOAO BATISTA,50,-
211102 SAO JOAO DO CARU,35,-
211105 SAO JOAO DO PARAISO,20,-
211107 SAO JOAO DO SOTER,20,-
211110 SAO JOAO DOS PATOS,52,2
211120 SAO JOSE DE RIBAMAR,72,34
211125 SAO JOSE DOS BASILIOS,20,-
211130 SAO LUIS,3267,1245
211140 SAO LUIS GONZAGA DO MARANHAO,31,-
211150 SAO MATEUS DO MARANHAO,70,-
211153 SAO PEDRO DA AGUA BRANCA,26,-
211157 SAO PEDRO DOS CRENTES,18,-
211160 SAO RAIMUNDO DAS MANGABEIRAS,57,-
211163 SAO RAIMUNDO DO DOCA BEZERRA,12,-
211170 SAO VICENTE FERRER,56,-
211172 SATUBINHA,39,-
211174 SENADOR ALEXANDRE COSTA,20,-
211178 SERRANO DO MARANHAO,21,-
211180 SITIO NOVO,34,-
211190 SUCUPIRA DO NORTE,22,2
211195 SUCUPIRA DO RIACHAO,16,-
211200 TASSO FRAGOSO,18,-
211210 TIMBIRAS,50,-
211220 TIMON,145,-
211223 TRIZIDELA DO VALE,27,-
211227 TUFILANDIA,30,-
211230 TUNTUM,55,-
211240 TURIACU,52,-
211245 TURILANDIA,30,-
211250 TUTOIA,39,15
211260 URBANO SANTOS,37,-
211270 VARGEM GRANDE,45,-
211280 VIANA,110,-
211285 VILA NOVA DOS MARTIRIOS,31,-
211290 VITORIA DO MEARIM,32,-
211300 VITORINO FREIRE,44,4
211400 ZE DOCA,48,-
220010 AGRICOLANDIA,15,-
220020 AGUA BRANCA,27,-
220025 ALAGOINHA DO PIAUI,12,-
220030 ALTO LONGA,14,-
220040 ALTOS,37,-
220050 AMARANTE,45,-
220060 ANGICAL DO PIAUI,11,-
220070 ANISIO DE ABREU,10,-
220090 AROAZES,6,-
220100 ARRAIAL,4,-
220110 AVELINO LOPES,22,-
220115 BAIXA GRANDE DO RIBEIRO,11,-
220120 BARRAS,69,4
220140 BARRO DURO,21,-
220150 BATALHA,24,-
220160 BENEDITINOS,15,-
220170 BERTOLINIA,4,-
220180 BOCAINA,21,-
220190 BOM JESUS,54,8
220191 BOM PRINCIPIO DO PIAUI,6,-
220196 BRASILEIRA,10,-
220200 BURITI DOS LOPES,42,-
220202 BURITI DOS MONTES,16,-
220220 CAMPO MAIOR,75,121
220225 CANAVIEIRA,4,-
220230 CANTO DO BURITI,27,-
220240 CAPITAO DE CAMPOS,9,-
220250 CARACOL,11,-
220260 CASTELO DO PIAUI,38,-
220270 COCAL,41,-
220277 COLONIA DO PIAUI,7,-
220280 CONCEICAO DO CANINDE,7,-
220290 CORRENTE,52,-
220300 CRISTALANDIA DO PIAUI,25,-
220310 CRISTINO CASTRO,21,-
220320 CURIMATA,34,-
220330 DEMERVAL LOBAO,40,-
220335 DIRCEU ARCOVERDE,7,-
220350 ELESBAO VELOSO,34,-
220360 ELISEU MARTINS,8,-
220370 ESPERANTINA,53,20
220380 FLORES DO PIAUI,2,-
220390 FLORIANO,248,13
220400 FRANCINOPOLIS,9,-
220410 FRANCISCO AYRES,4,-
220420 FRANCISCO SANTOS,14,-
220430 FRONTEIRAS,25,-
220440 GILBUES,9,-
220450 GUADALUPE,34,-
220470 INHUMA,11,-
220480 IPIRANGA DO PIAUI,19,-
220490 ISAIAS COELHO,20,-
220500 ITAINOPOLIS,21,-
220510 ITAUEIRA,26,-
220520 JAICOS,27,1
220530 JERUMENHA,7,-
220540 JOAQUIM PIRES,17,-
220545 JOCA MARQUES,6,-
220550 JOSE DE FREITAS,24,-
220553 JUREMA,13,-
220555 LAGOA ALEGRE,10,-
220560 LANDRI SALES,8,-
220570 LUIS CORREIA,43,-
220580 LUZILANDIA,50,-
220585 MADEIRO,7,-
220590 MANOEL EMIDIO,11,-
220595 MARCOLANDIA,-,34
220600 MARCOS PARENTE,-,8
220610 MATIAS OLIMPIO,15,-
220620 MIGUEL ALVES,20,2
220640 MONSENHOR GIL,13,-
220650 MONSENHOR HIPOLITO,20,-
220660 MONTE ALEGRE DO PIAUI,25,-
220670 NAZARE DO PIAUI,6,-
220680 NOSSA SENHORA DOS REMEDIOS,9,-
220690 NOVO ORIENTE DO PIAUI,8,-
220700 OEIRAS,83,16
220720 PADRE MARCOS,36,-
220730 PAES LANDIM,9,-
220740 PALMEIRA DO PIAUI,12,-
220750 PALMEIRAIS,16,-
220760 PARNAGUA,32,-
220770 PARNAIBA,545,55
220780 PAULISTANA,86,3
220790 PEDRO II,80,4
220800 PICOS,311,86
220810 PIMENTEIRAS,16,-
220820 PIO IX,35,-
220830 PIRACURUCA,65,-
220840 PIRIPIRI,88,-
220850 PORTO,42,-
220855 PORTO ALEGRE DO PIAUI,3,-
220860 PRATA DO PIAUI,16,-
220870 REDENCAO DO GURGUEIA,19,-
220880 REGENERACAO,29,-
220890 RIBEIRO GONCALVES,17,-
220900 RIO GRANDE DO PIAUI,2,-
220910 SANTA CRUZ DO PIAUI,11,-
220920 SANTA FILOMENA,13,-
220937 SANTA ROSA DO PIAUI,8,8
220940 SANTO ANTONIO DE LISBOA,7,-
220950 SANTO INACIO DO PIAUI,7,-
220960 SAO FELIX DO PIAUI,20,-
220970 SAO FRANCISCO DO PIAUI,7,-
220980 SAO GONCALO DO PIAUI,12,-
220990 SAO JOAO DA SERRA,12,-
221000 SAO JOAO DO PIAUI,71,-
221010 SAO JOSE DO PEIXE,6,-
221020 SAO JOSE DO PIAUI,8,-
221030 SAO JULIAO,29,-
221040 SAO MIGUEL DO TAPUIO,29,13
221050 SAO PEDRO DO PIAUI,41,-
221060 SAO RAIMUNDO NONATO,230,3
221070 SIMOES,52,-
221080 SIMPLICIO MENDES,29,-
221090 SOCORRO DO PIAUI,12,-
221100 TERESINA,2137,975
221110 UNIAO,50,-
221120 URUCUI,40,-
221130 VALENCA DO PIAUI,44,-
221140 VARZEA GRANDE,14,-
221170 WALL FERRAZ,19,-
230020 ACARAU,70,4
230030 ACOPIARA,94,-
230040 AIUABA,34,-
230060 ALTANEIRA,19,-
230070 ALTO SANTO,29,-
230075 AMONTADA,40,-
230080 ANTONINA DO NORTE,16,-
230090 APUIARES,13,-
230100 AQUIRAZ,46,174
230110 ARACATI,107,14
230120 ARACOIABA,64,-
230125 ARARENDA,29,-
230130 ARARIPE,42,-
230140 ARATUBA,11,-
230150 ARNEIROZ,20,-
230160 ASSARE,46,-
230170 AURORA,114,-
230180 BAIXIO,19,-
230185 BANABUIU,17,-
230190 BARBALHA,356,73
230195 BARREIRA,21,-
230200 BARRO,23,-
230205 BARROQUINHA,9,-
230210 BATURITE,62,15
230220 BEBERIBE,60,-
230230 BELA CRUZ,33,-
230240 BOA VIAGEM,66,8
230250 BREJO SANTO,226,13
230260 CAMOCIM,95,1
230270 CAMPOS SALES,48,-
230280 CANINDE,113,19
230290 CAPISTRANO,14,-
230300 CARIDADE,21,-
230310 CARIRE,18,-
230320 CARIRIACU,47,-
230330 CARIUS,18,-
230340 CARNAUBAL,17,-
230350 CASCAVEL,52,5
230360 CATARINA,18,-
230365 CATUNDA,20,-
230370 CAUCAIA,148,80
230380 CEDRO,58,-
230390 CHAVAL,23,-
230393 CHORO,16,-
230395 CHOROZINHO,12,-
230400 COREAU,14,-
230410 CRATEUS,144,34
230420 CRATO,241,99
230423 CROATA,45,-
230425 CRUZ,56,-
230426 DEPUTADO IRAPUAN PINHEIRO,12,-
230427 ERERE,9,-
230428 EUSEBIO,54,30
230430 FARIAS BRITO,41,-
230435 FORQUILHA,8,-
230440 FORTALEZA,5460,3065
230445 FORTIM,17,-
230450 FRECHEIRINHA,16,-
230460 GENERAL SAMPAIO,13,-
230470 GRANJA,58,-
230480 GRANJEIRO,25,-
230490 GROAIRAS,19,-
230495 GUAIUBA,20,-
230500 GUARACIABA DO NORTE,42,-
230510 GUARAMIRANGA,11,-
230520 HIDROLANDIA,34,-
230523 HORIZONTE,71,-
230526 IBARETAMA,21,-
230530 IBIAPINA,50,-
230533 IBICUITINGA,7,-
230535 ICAPUI,16,-
230540 ICO,103,-
230550 IGUATU,261,30
230560 INDEPENDENCIA,38,-
230565 IPAPORANGA,18,-
230570 IPAUMIRIM,26,-
230580 IPU,74,77
230590 IPUEIRAS,40,7
230600 IRACEMA,33,-
230610 IRAUCUBA,25,-
230620 ITAICABA,17,-
230625 ITAITINGA,38,-
230630 ITAPAGE,32,2
230640 ITAPIPOCA,152,31
230650 ITAPIUNA,15,-
230655 ITAREMA,44,-
230670 JAGUARETAMA,22,-
230680 JAGUARIBARA,26,-
230690 JAGUARIBE,49,-
230700 JAGUARUANA,38,-
230710 JARDIM,49,-
230720 JATI,33,-
230725 JIJOCA DE JERICOACOARA,26,-
230730 JUAZEIRO DO NORTE,492,81
230740 JUCAS,51,-
230750 LAVRAS DA MANGABEIRA,49,4
230760 LIMOEIRO DO NORTE,186,19
230763 MADALENA,24,-
230765 MARACANAU,296,64
230770 MARANGUAPE,44,60
230780 MARCO,47,-
230790 MARTINOPOLE,12,-
230800 MASSAPE,34,-
230810 MAURITI,54,-
230820 MERUOCA,20,-
230830 MILAGRES,50,-
230835 MILHA,28,-
230837 MIRAIMA,8,-
230840 MISSAO VELHA,68,-
230850 MOMBACA,45,-
230860 MONSENHOR TABOSA,49,-
230870 MORADA NOVA,56,124
230880 MORAUJO,17,-
230890 MORRINHOS,21,-
230900 MUCAMBO,50,-
230910 MULUNGU,9,-
230920 NOVA OLINDA,20,-
230930 NOVA RUSSAS,43,-
230940 NOVO ORIENTE,27,-
230945 OCARA,19,-
230950 OROS,37,-
230960 PACAJUS,52,-
230970 PACATUBA,38,5
230980 PACOTI,20,-
231000 PALHANO,12,-
231010 PALMACIA,16,-
231020 PARACURU,41,-
231025 PARAIPABA,25,-
231030 PARAMBU,49,-
231040 PARAMOTI,28,-
231050 PEDRA BRANCA,49,-
231060 PENAFORTE,22,-
231070 PENTECOSTE,54,-
231080 PEREIRO,25,-
231085 PINDORETAMA,16,-
231090 PIQUET CARNEIRO,30,-
231095 PIRES FERREIRA,21,-
231100 PORANGA,32,-
231110 PORTEIRAS,24,-
231120 POTENGI,18,-
231123 POTIRETAMA,13,-
231126 QUITERIANOPOLIS,31,-
231130 QUIXADA,151,6
231135 QUIXELO,32,-
231140 QUIXERAMOBIM,312,-
231150 QUIXERE,25,-
231160 REDENCAO,58,-
231170 RERIUTABA,28,-
231180 RUSSAS,102,121
231190 SABOEIRO,37,-
231195 SALITRE,14,-
231200 SANTANA DO ACARAU,40,-
231210 SANTANA DO CARIRI,21,-
231220 SANTA QUITERIA,51,2
231230 SAO BENEDITO,75,14
231240 SAO GONCALO DO AMARANTE,44,-
231260 SAO LUIS DO CURU,22,-
231270 SENADOR POMPEU,53,-
231290 SOBRAL,818,50
231300 SOLONOPOLE,33,-
231310 TABULEIRO DO NORTE,81,-
231320 TAMBORIL,59,-
231325 TARRAFAS,16,-
231330 TAUA,132,1
231335 TEJUCUOCA,16,-
231340 TIANGUA,98,-
231350 TRAIRI,26,-
231355 TURURU,13,-
231360 UBAJARA,36,-
231370 UMARI,21,-
231375 UMIRIM,13,-
231380 URUBURETAMA,25,-
231390 URUOCA,21,-
231395 VARJOTA,19,-
231400 VARZEA ALEGRE,65,2
231410 VICOSA DO CEARA,76,-
240010 ACARI,37,6
240020 ACU,58,9
240030 AFONSO BEZERRA,16,-
240050 ALEXANDRIA,125,-
240060 ALMINO AFONSO,50,-
240070 ALTO DO RODRIGUES,21,-
240080 ANGICOS,28,-
240090 ANTONIO MARTINS,32,-
240100 APODI,71,-
240110 AREIA BRANCA,34,-
240120 ARES,9,-
240130 AUGUSTO SEVERO,8,-
240140 BAIA FORMOSA,9,-
240145 BARAUNA,21,-
240150 BARCELONA,1,-
240160 BENTO FERNANDES,15,-
240170 BOM JESUS,10,-
240180 BREJINHO,14,-
240185 CAICARA DO NORTE,6,-
240190 CAICARA DO RIO DO VENTO,8,-
240200 CAICO,141,22
240230 CARAUBAS,32,-
240240 CARNAUBA DOS DANTAS,18,-
240250 CARNAUBAIS,6,-
240260 CEARA-MIRIM,52,-
240270 CERRO CORA,24,-
240280 CORONEL EZEQUIEL,3,-
240290 CORONEL JOAO PESSOA,9,-
240300 CRUZETA,12,-
240310 CURRAIS NOVOS,86,8
240320 DOUTOR SEVERIANO,12,-
240325 PARNAMIRIM,214,15
240330 ENCANTO,8,-
240340 EQUADOR,20,-
240360 EXTREMOZ,20,-
240370 FELIPE GUERRA,15,-
240380 FLORANIA,10,-
240400 FRUTUOSO GOMES,6,-
240420 GOIANINHA,26,-
240430 GOVERNADOR DIX-SEPT ROSADO,12,-
240440 GROSSOS,13,-
240450 GUAMARE,44,-
240485 ITAJA,8,-
240490 ITAU,15,-
240500 JACANA,2,-
240510 JANDAIRA,3,-
240520 JANDUIS,16,-
240530 JANUARIO CICCO,13,-
240540 JAPI,1,-
240550 JARDIM DE ANGICOS,3,-
240560 JARDIM DE PIRANHAS,25,-
240570 JARDIM DO SERIDO,30,2
240580 JOAO CAMARA,39,-
240590 JOAO DIAS,2,-
240600 JOSE DA PENHA,10,-
240610 JUCURUTU,48,-
240620 LAGOA D'ANTA,10,-
240650 LAGOA NOVA,24,-
240670 LAJES,33,-
240690 LUCRECIA,12,-
240700 LUIS GOMES,30,-
240710 MACAIBA,55,1
240720 MACAU,50,-
240725 MAJOR SALES,12,-
240730 MARCELINO VIEIRA,15,-
240740 MARTINS,13,-
240760 MESSIAS TARGINO,16,-
240770 MONTANHAS,6,-
240780 MONTE ALEGRE,14,1
240790 MONTE DAS GAMELEIRAS,13,-
240800 MOSSORO,760,128
240810 NATAL,2223,1103
240820 NISIA FLORESTA,1,24
240830 NOVA CRUZ,43,-
240840 OLHO-D'AGUA DO BORGES,10,-
240860 PARANA,4,-
240880 PARAZINHO,6,-
240890 PARELHAS,50,5
240895 RIO DO FOGO,6,-
240910 PASSA E FICA,30,-
240930 PATU,40,8
240940 PAU DOS FERROS,152,18
240950 PEDRA GRANDE,5,-
240960 PEDRA PRETA,4,-
240980 PEDRO VELHO,11,-
240990 PENDENCIAS,10,-
241000 PILOES,10,-
241010 POCO BRANCO,30,-
241020 PORTALEGRE,41,-
241025 PORTO DO MANGUE,2,-
241030 SERRA CAIADA,6,-
241050 RAFAEL FERNANDES,8,-
241060 RAFAEL GODEIRO,19,-
241070 RIACHO DA CRUZ,24,-
241080 RIACHO DE SANTANA,6,-
241090 RIACHUELO,12,-
241100 RODOLFO FERNANDES,18,-
241105 TIBAU,14,-
241110 RUY BARBOSA,1,-
241120 SANTA CRUZ,121,5
241140 SANTANA DO MATOS,25,-
241142 SANTANA DO SERIDO,11,-
241150 SANTO ANTONIO,45,4
241200 SAO GONCALO DO AMARANTE,60,38
241210 SAO JOAO DO SABUGI,8,-
241220 SAO JOSE DE MIPIBU,48,40
241230 SAO JOSE DO CAMPESTRE,16,-
241240 SAO JOSE DO SERIDO,12,-
241250 SAO MIGUEL,32,-
241255 SAO MIGUEL DO GOSTOSO,3,1
241260 SAO PAULO DO POTENGI,30,1
241280 SAO RAFAEL,19,-
241290 SAO TOME,10,-
241300 SAO VICENTE,14,-
241310 SENADOR ELOI DE SOUZA,1,-
241330 SERRA DE SAO BENTO,12,-
241335 SERRA DO MEL,17,-
241340 SERRA NEGRA DO NORTE,22,-
241355 SERRINHA DOS PINTOS,13,-
241360 SEVERIANO MELO,51,-
241370 SITIO NOVO,4,-
241380 TABOLEIRO GRANDE,14,-
241390 TAIPU,6,-
241400 TANGARA,17,-
241410 TENENTE ANANIAS,27,-
241415 TENENTE LAURENTINO CRUZ,3,-
241420 TIBAU DO SUL,5,-
241440 TOUROS,29,1
241445 TRIUNFO POTIGUAR,12,-
241450 UMARIZAL,28,-
241460 UPANEMA,13,-
241475 VENHA-VER,9,-
241480 VERA CRUZ,12,-
241490 VICOSA,15,-
241500 VILA FLOR,4,-
250010 AGUA BRANCA,20,-
250020 AGUIAR,12,-
250030 ALAGOA GRANDE,46,-
250040 ALAGOA NOVA,28,-
250053 ALCANTIL,1,-
250060 ALHANDRA,10,-
250070 SAO JOAO DO RIO DO PEIXE,32,-
250080 ARACAGI,2,-
250090 ARARA,17,-
250100 ARARUNA,15,-
250110 AREIA,36,-
250130 AROEIRAS,40,-
250150 BANANEIRAS,37,-
250160 BARRA DE SANTA ROSA,3,-
250180 BAYEUX,48,-
250190 BELEM,25,-
250200 BELEM DO BREJO DO CRUZ,28,3
250210 BOA VENTURA,-,3
250230 BOM SUCESSO,16,-
250240 BONITO DE SANTA FE,19,-
250250 BOQUEIRAO,29,-
250260 IGARACY,12,-
250280 BREJO DO CRUZ,32,-
250290 BREJO DOS SANTOS,25,-
250300 CAAPORA,43,-
250320 CABEDELO,31,-
250340 CACIMBA DE AREIA,5,-
250350 CACIMBA DE DENTRO,13,-
250370 CAJAZEIRAS,183,62
250400 CAMPINA GRANDE,1682,537
250420 CATINGUEIRA,1,-
250430 CATOLE DO ROCHA,64,-
250440 CONCEICAO,58,-
250460 CONDE,-,100
250480 COREMAS,39,-
250500 CUBATI,16,-
250510 CUITE,67,-
250570 DONA INES,12,-
250600 ESPERANCA,26,-
250620 FREI MARTINHO,18,-
250625 GADO BRAVO,1,-
250630 GUARABIRA,102,102
250650 GURJAO,4,-
250660 IBIARA,12,-
250690 ITABAIANA,43,4
250700 ITAPORANGA,50,-
250710 ITAPOROROCA,18,-
250730 JACARAU,8,-
250740 JERICO,12,-
250750 JOAO PESSOA,2051,1198
250770 JUAZEIRINHO,18,1
250780 JUNCO DO SERIDO,12,-
250790 JURIPIRANGA,12,-
250800 JURU,16,-
250820 LAGOA DE DENTRO,19,-
250830 LAGOA SECA,28,-
250840 LASTRO,6,-
250890 MAMANGUAPE,107,-
250910 MARI,7,-
250920 MASSARANDUBA,51,-
250970 MONTEIRO,98,15
250990 NATUBA,19,-
251010 NOVA FLORESTA,19,-
251040 OLHO D'AGUA,1,-
251080 PATOS,293,77
251090 PAULISTA,31,-
251110 PEDRA LAVRADA,20,-
251120 PEDRAS DE FOGO,47,-
251130 PIANCO,143,8
251140 PICUI,100,-
251150 PILAR,18,1
251180 PIRPIRITUBA,2,-
251200 POCINHOS,50,-
251210 POMBAL,94,-
251230 PRINCESA ISABEL,51,4
251250 QUEIMADAS,42,-
251280 RIACHO DOS CAVALOS,8,-
251320 SANTA CRUZ,13,-
251335 SANTA INES,10,-
251340 SANTA LUZIA,53,-
251370 SANTA RITA,232,14
251390 SAO BENTO,47,-
251420 SAO JOSE DA LAGOA TAPADA,3,-
251430 SAO JOSE DE CAIANA,15,-
251450 SAO JOSE DE PIRANHAS,17,-
251490 SAO MAMEDE,26,-
251530 SAPE,78,1
251540 SAO VICENTE DO SERIDO,24,-
251550 SERRA BRANCA,58,-
251570 SERRA GRANDE,12,-
251590 SERRARIA,7,-
251600 SOLANEA,34,-
251610 SOLEDADE,22,-
251620 SOUSA,93,52
251630 SUME,64,-
251650 TAPEROA,52,-
251660 TAVARES,23,-
251670 TEIXEIRA,39,-
251690 UIRAUNA,47,-
251700 UMBUZEIRO,14,-
260005 ABREU E LIMA,24,246
260010 AFOGADOS DA INGAZEIRA,170,29
260020 AFRANIO,46,-
260030 AGRESTINA,76,16
260040 AGUA PRETA,50,-
260050 AGUAS BELAS,33,-
260060 ALAGOINHA,34,-
260070 ALIANCA,26,-
260080 ALTINHO,24,-
260090 AMARAJI,31,-
260100 ANGELIM,12,-
260105 ARACOIABA,8,-
260110 ARARIPINA,189,15
260120 ARCOVERDE,162,29
260130 BARRA DE GUABIRABA,17,-
260140 BARREIROS,95,-
260150 BELEM DE MARIA,9,-
260160 BELEM DE SAO FRANCISCO,18,-
260170 BELO JARDIM,51,36
260180 BETANIA,24,-
260190 BEZERROS,171,34
260200 BODOCO,29,-
260210 BOM CONSELHO,42,-
260220 BOM JARDIM,48,-
260230 BONITO,52,-
260240 BREJAO,16,-
260250 BREJINHO,7,-
260260 BREJO DA MADRE DE DEUS,64,60
260270 BUENOS AIRES,17,-
260280 BUIQUE,35,73
260290 CABO DE SANTO AGOSTINHO,183,184
260300 CABROBO,76,-
260310 CACHOEIRINHA,26,-
260320 CAETES,50,-
260330 CALCADO,11,-
260340 CALUMBI,17,-
260345 CAMARAGIBE,29,300
260350 CAMOCIM DE SAO FELIX,15,-
260360 CAMUTANGA,12,-
260370 CANHOTINHO,32,-
260380 CAPOEIRAS,18,-
260390 CARNAIBA,15,-
260392 CARNAUBEIRA DA PENHA,11,-
260400 CARPINA,98,21
260410 CARUARU,716,395
260415 CASINHAS,35,-
260420 CATENDE,27,-
260430 CEDRO,18,-
260440 CHA DE ALEGRIA,10,-
260450 CHA GRANDE,30,2
260460 CONDADO,34,-
260470 CORRENTES,29,-
260480 CORTES,39,-
260490 CUMARU,21,-
260500 CUPIRA,20,-
260510 CUSTODIA,38,38
260515 DORMENTES,28,-
260520 ESCADA,51,30
260530 EXU,32,-
260540 FEIRA NOVA,17,-
260545 FERNANDO DE NORONHA,17,-
260560 FLORES,28,-
260570 FLORESTA,61,10
260580 FREI MIGUELINHO,11,-
260590 GAMELEIRA,23,-
260600 GARANHUNS,307,90
260610 GLORIA DO GOITA,23,-
260620 GOIANA,104,29
260630 GRANITO,19,-
260640 GRAVATA,64,77
260650 IATI,25,-
260660 IBIMIRIM,26,-
260670 IBIRAJUBA,20,-
260680 IGARASSU,100,209
260690 IGUARACY,16,-
260700 INAJA,13,-
260710 INGAZEIRA,4,-
260720 IPOJUCA,20,-
260730 IPUBI,47,-
260740 ITACURUBA,13,-
260750 ITAIBA,51,-
260760 ILHA DE ITAMARACA,3,-
260765 ITAMBE,42,-
260770 ITAPETIM,25,-
260775 ITAPISSUMA,6,-
260780 ITAQUITINGA,14,-
260790 JABOATAO DOS GUARARAPES,484,113
260795 JAQUEIRA,32,-
260800 JATAUBA,19,-
260805 JATOBA,23,-
260810 JOAO ALFREDO,33,-
260820 JOAQUIM NABUCO,14,-
260825 JUCATI,6,-
260830 JUPI,17,-
260840 JUREMA,27,-
260845 LAGOA DO CARRO,13,-
260850 LAGOA DE ITAENGA,27,-
260860 LAGOA DO OURO,45,-
260870 LAGOA DOS GATOS,17,-
260875 LAGOA GRANDE,40,-
260880 LAJEDO,43,-
260890 LIMOEIRO,125,25
260900 MACAPARANA,52,-
260910 MACHADOS,15,-
260915 MANARI,27,-
260920 MARAIAL,13,-
260930 MIRANDIBA,9,-
260940 MORENO,179,-
260950 NAZARE DA MATA,40,-
260960 OLINDA,297,94
260970 OROBO,32,-
260980 OROCO,29,-
260990 OURICURI,99,6
261000 PALMARES,361,21
261010 PALMEIRINA,14,-
261020 PANELAS,26,-
261030 PARANATAMA,27,-
261040 PARNAMIRIM,28,-
261050 PASSIRA,39,-
261060 PAUDALHO,98,37
261070 PAULISTA,301,121
261080 PEDRA,22,-
261090 PESQUEIRA,105,54
261100 PETROLANDIA,128,-
261110 PETROLINA,475,284
261120 POCAO,23,-
261130 POMBOS,14,-
261140 PRIMAVERA,4,-
261150 QUIPAPA,19,-
261153 QUIXABA,13,-
261160 RECIFE,6290,3152
261170 RIACHO DAS ALMAS,38,-
261180 RIBEIRAO,38,-
261190 RIO FORMOSO,16,-
261200 SAIRE,10,20
261210 SALGADINHO,5,-
261220 SALGUEIRO,110,20
261230 SALOA,30,-
261240 SANHARO,14,-
261245 SANTA CRUZ,24,-
261247 SANTA CRUZ DA BAIXA VERDE,16,-
261250 SANTA CRUZ DO CAPIBARIBE,78,6
261255 SANTA FILOMENA,18,-
261260 SANTA MARIA DA BOA VISTA,42,-
261270 SANTA MARIA DO CAMBUCA,12,-
261280 SANTA TEREZINHA,19,-
261290 SAO BENEDITO DO SUL,28,-
261300 SAO BENTO DO UNA,51,-
261310 SAO CAITANO,32,-
261320 SAO JOAO,29,-
261330 SAO JOAQUIM DO MONTE,34,-
261340 SAO JOSE DA COROA GRANDE,26,-
261350 SAO JOSE DO BELMONTE,32,1
261360 SAO JOSE DO EGITO,82,8
261370 SAO LOURENCO DA MATA,106,40
261380 SAO VICENTE FERRER,27,-
261390 SERRA TALHADA,425,105
261400 SERRITA,32,-
261410 SERTANIA,47,19
261420 SIRINHAEM,26,-
261430 MOREILANDIA,20,-
261440 SOLIDAO,13,-
261450 SURUBIM,198,5
261460 TABIRA,50,20
261480 TACARATU,17,-
261485 TAMANDARE,30,-
261500 TAQUARITINGA DO NORTE,56,-
261510 TEREZINHA,14,-
261520 TERRA NOVA,11,-
261530 TIMBAUBA,50,97
261540 TORITAMA,28,-
261550 TRACUNHAEM,11,-
261560 TRINDADE,30,44
261570 TRIUNFO,24,-
261580 TUPANATINGA,19,-
261590 TUPARETAMA,35,-
261600 VENTUROSA,24,-
261610 VERDEJANTE,15,-
261618 VERTENTE DO LERIO,4,-
261620 VERTENTES,62,-
261630 VICENCIA,40,-
261640 VITORIA DE SANTO ANTAO,251,177
261650 XEXEU,14,-
270010 AGUA BRANCA,25,-
270020 ANADIA,25,-
270030 ARAPIRACA,909,255
270040 ATALAIA,44,-
270070 BATALHA,35,-
270100 BOCA DA MATA,14,-
270120 CACIMBINHAS,3,-
270130 CAJUEIRO,26,-
270140 CAMPO ALEGRE,27,-
270170 CAPELA,50,-
270210 COLONIA LEOPOLDINA,33,-
270230 CORURIPE,341,-
270235 CRAIBAS,8,-
270240 DELMIRO GOUVEIA,86,-
270280 FLEXEIRAS,15,-
270290 GIRAU DO PONCIANO,48,-
270300 IBATEGUARA,3,-
270310 IGACI,14,-
270380 JOAQUIM GOMES,50,-
270400 JUNQUEIRO,35,-
270410 LAGOA DA CANOA,3,-
270420 LIMOEIRO DE ANADIA,14,-
270430 MACEIO,2228,837
270440 MAJOR ISIDORO,31,-
270450 MARAGOGI,4,-
270470 MARECHAL DEODORO,3,-
270500 MATA GRANDE,36,-
270510 MATRIZ DE CAMARAGIBE,24,-
270550 MURICI,53,-
270570 OLHO D'AGUA DAS FLORES,46,1
270630 PALMEIRA DOS INDIOS,95,18
270640 PAO DE ACUCAR,52,-
270660 PAULO JACINTO,16,-
270670 PENEDO,95,14
270680 PIACABUCU,18,-
270690 PILAR,50,-
270710 PIRANHAS,42,-
270730 PORTO CALVO,144,-
270760 QUEBRANGULO,28,-
270770 RIO LARGO,41,40
270800 SANTANA DO IPANEMA,119,-
270820 SAO BRAS,3,-
270830 SAO JOSE DA LAJE,50,-
270840 SAO JOSE DA TAPERA,31,-
270850 SAO LUIS DO QUITUNDE,27,-
270860 SAO MIGUEL DOS CAMPOS,116,8
270880 SAO SEBASTIAO,6,-
270910 TAQUARANA,1,-
270915 TEOTONIO VILELA,68,-
270920 TRAIPU,20,-
270930 UNIAO DOS PALMARES,86,36
270940 VICOSA,40,-
280020 AQUIDABA,32,-
280030 ARACAJU,1423,754
280067 BOQUIM,18,-
280120 CANINDE DE SAO FRANCISCO,20,-
280130 CAPELA,78,-
280140 CARIRA,1,-
280210 ESTANCIA,165,24
280230 FREI PAULO,1,-
280290 ITABAIANA,129,30
280300 ITABAIANINHA,31,-
280340 JAPOATA,21,-
280350 LAGARTO,178,17
280360 LARANJEIRAS,1,-
280450 NOSSA SENHORA DA GLORIA,48,10
280480 NOSSA SENHORA DO SOCORRO,48,-
280540 POCO REDONDO,18,-
280570 PROPRIA,53,-
280580 RIACHAO DO DANTAS,1,-
280590 RIACHUELO,56,-
280610 ROSARIO DO CATETE,13,-
280670 SAO CRISTOVAO,40,1
280710 SIMAO DIAS,21,-
290010 ABAIRA,9,-
290020 ABARE,25,-
290030 ACAJUTIBA,8,-
290035 ADUSTINA,12,-
290040 AGUA FRIA,20,-
290050 ERICO CARDOSO,9,-
290070 ALAGOINHAS,145,77
290080 ALCOBACA,51,8
290100 AMARGOSA,69,-
290110 AMELIA RODRIGUES,16,-
290115 AMERICA DOURADA,26,-
290120 ANAGE,33,-
290130 ANDARAI,32,-
290135 ANDORINHA,22,1
290140 ANGICAL,6,-
290150 ANGUERA,12,-
290160 ANTAS,142,-
290190 APORA,1,-
290200 ARACATU,33,-
290205 ARACAS,23,-
290210 ARACI,60,-
290240 AURELINO LEAL,40,-
290250 BAIANOPOLIS,28,-
290260 BAIXA GRANDE,45,-
290270 BARRA,103,-
290280 BARRA DA ESTIVA,46,19
290290 BARRA DO CHOCA,32,-
290300 BARRA DO MENDES,26,-
290320 BARREIRAS,388,72
290323 BARRO ALTO,22,1
290327 BARROCAS,29,-
290330 BARRO PRETO,9,-
290340 BELMONTE,40,-
290350 BELO CAMPO,51,-
290360 BIRITINGA,14,-
290380 BOA VISTA DO TUPIM,14,-
290390 BOM JESUS DA LAPA,122,-
290395 BOM JESUS DA SERRA,14,14
290400 BONINAL,24,-
290405 BONITO,16,-
290410 BOQUIRA,23,-
290420 BOTUPORA,43,-
290430 BREJOES,19,-
290440 BREJOLANDIA,35,-
290450 BROTAS DE MACAUBAS,15,-
290460 BRUMADO,112,12
290475 BURITIRAMA,20,-
290480 CAATIBA,14,-
290485 CABACEIRAS DO PARAGUACU,1,-
290490 CACHOEIRA,83,-
290500 CACULE,50,2
290510 CAEM,36,-
290520 CAETITE,154,22
290530 CAFARNAUM,33,-
290550 CALDEIRAO GRANDE,39,-
290560 CAMACAN,96,-
290570 CAMACARI,292,403
290580 CAMAMU,17,-
290590 CAMPO ALEGRE DE LOURDES,36,41
290600 CAMPO FORMOSO,53,21
290610 CANAPOLIS,24,-
290620 CANARANA,36,-
290630 CANAVIEIRAS,65,10
290640 CANDEAL,7,-
290650 CANDEIAS,76,45
290660 CANDIBA,37,-
290670 CANDIDO SALES,57,-
290680 CANSANCAO,52,-
290682 CANUDOS,41,-
290685 CAPELA DO ALTO ALEGRE,18,-
290687 CAPIM GROSSO,57,-
290689 CARAIBAS,3,-
290690 CARAVELAS,59,-
290700 CARDEAL DA SILVA,5,-
290710 CARINHANHA,30,-
290720 CASA NOVA,41,-
290730 CASTRO ALVES,50,10
290750 CATU,57,55
290755 CATURAMA,8,-
290760 CENTRAL,42,-
290770 CHORROCHO,15,-
290780 CICERO DANTAS,45,3
290790 CIPO,30,-
290800 COARACI,50,-
290810 COCOS,31,-
290820 CONCEICAO DA FEIRA,5,-
290830 CONCEICAO DO ALMEIDA,32,-
290840 CONCEICAO DO COITE,119,95
290850 CONCEICAO DO JACUIPE,42,12
290860 CONDE,15,-
290870 CONDEUBA,16,-
290890 CORACAO DE MARIA,32,-
290900 CORDEIROS,5,-
290910 CORIBE,36,-
290930 CORRENTINA,35,5
290940 COTEGIPE,12,-
290950 CRAVOLANDIA,24,-
290960 CRISOPOLIS,23,-
290970 CRISTOPOLIS,69,-
290980 CRUZ DAS ALMAS,96,22
290990 CURACA,26,-
291005 DIAS D'AVILA,62,32
291010 DOM BASILIO,19,-
291030 ELISIO MEDRADO,12,-
291040 ENCRUZILHADA,49,-
291050 ENTRE RIOS,30,-
291060 ESPLANADA,74,-
291070 EUCLIDES DA CUNHA,71,-
291072 EUNAPOLIS,109,99
291077 FEIRA DA MATA,11,-
291080 FEIRA DE SANTANA,1063,553
291085 FILADELFIA,31,-
291110 FORMOSA DO RIO PRETO,29,-
291120 GANDU,50,4
291130 GENTIO DO OURO,18,-
291150 GONGOGI,5,-
291160 GOVERNADOR MANGABEIRA,2,40
291170 GUANAMBI,219,46
291180 GUARATINGA,26,-
291190 IACU,34,-
291200 IBIASSUCE,34,-
291210 IBICARAI,32,-
291230 IBICUI,21,-
291240 IBIPEBA,11,33
291250 IBIPITANGA,14,-
291260 IBIQUERA,2,-
291270 IBIRAPITANGA,30,-
291280 IBIRAPUA,23,-
291290 IBIRATAIA,60,-
291300 IBITIARA,30,32
291310 IBITITA,48,1
291320 IBOTIRAMA,55,28
291330 ICHU,22,-
291340 IGAPORA,29,-
291345 IGRAPIUNA,8,-
291350 IGUAI,80,4
291360 ILHEUS,403,223
291370 INHAMBUPE,50,-
291380 IPECAETA,9,-
291390 IPIAU,62,69
291400 IPIRA,48,1
291410 IPUPIARA,24,-
291420 IRAJUBA,29,-
291430 IRAMAIA,16,-
291440 IRAQUARA,47,-
291450 IRARA,33,-
291460 IRECE,236,26
291465 ITABELA,46,-
291470 ITABERABA,212,3
291480 ITABUNA,503,102
291490 ITACARE,61,-
291500 ITAETE,11,-
291510 ITAGI,8,-
291520 ITAGIBA,5,-
291530 ITAGIMIRIM,20,-
291535 ITAGUACU DA BAHIA,24,-
291540 ITAJU DO COLONIA,12,-
291550 ITAJUIPE,60,-
291560 ITAMARAJU,83,1
291580 ITAMBE,50,-
291600 ITANHEM,54,-
291610 ITAPARICA,52,-
291630 ITAPEBI,12,-
291640 ITAPETINGA,94,36
291650 ITAPICURU,57,-
291660 ITAPITANGA,16,-
291670 ITAQUARA,19,-
291680 ITARANTIM,30,-
291685 ITATIM,12,-
291690 ITIRUCU,85,-
291700 ITIUBA,40,-
291710 ITORORO,41,-
291720 ITUACU,24,-
291730 ITUBERA,33,-
291733 IUIU,14,-
291735 JABORANDI,30,-
291740 JACARACI,30,-
291750 JACOBINA,73,59
291760 JAGUAQUARA,117,-
291770 JAGUARARI,32,-
291800 JEQUIE,497,161
291810 JEREMOABO,31,-
291820 JIQUIRICA,30,-
291830 JITAUNA,14,-
291835 JOAO DOURADO,32,-
291840 JUAZEIRO,506,133
291845 JUCURUCU,24,-
291850 JUSSARA,31,-
291855 JUSSARI,37,-
291860 JUSSIAPE,16,-
291875 LAGOA REAL,17,-
291880 LAJE,41,-
291905 LAJEDO DO TABOCAL,27,-
291910 LAMARAO,7,-
291915 LAPAO,50,-
291920 LAURO DE FREITAS,480,154
291930 LENCOIS,10,-
291940 LICINIO DE ALMEIDA,20,-
291950 LIVRAMENTO DE NOSSA SENHORA,52,38
291955 LUIS EDUARDO MAGALHAES,148,56
291960 MACAJUBA,20,-
291970 MACARANI,27,-
291980 MACAUBAS,67,13
291990 MACURURE,20,-
291992 MADRE DE DEUS,28,-
292000 MAIQUINIQUE,14,-
292010 MAIRI,27,-
292020 MALHADA,21,-
292045 MANSIDAO,8,-
292050 MARACAS,42,-
292060 MARAGOGIPE,14,-
292080 MARCIONILIO SOUZA,19,-
292100 MATA DE SAO JOAO,38,22
292105 MATINA,21,-
292110 MEDEIROS NETO,40,-
292120 MIGUEL CALMON,87,-
292130 MILAGRES,21,-
292140 MIRANGABA,3,-
292150 MONTE SANTO,68,1
292160 MORPARA,2,-
292170 MORRO DO CHAPEU,47,9
292180 MORTUGABA,24,-
292190 MUCUGE,32,-
292200 MUCURI,69,28
292205 MULUNGU DO MORRO,34,-
292210 MUNDO NOVO,32,-
292230 MURITIBA,31,-
292240 MUTUIPE,45,-
292250 NAZARE,50,-
292265 NORDESTINA,30,-
292270 NOVA CANAA,30,-
292273 NOVA FATIMA,5,10
292290 NOVA SOURE,19,-
292300 NOVA VICOSA,64,-
292310 OLINDINA,22,-
292320 OLIVEIRA DOS BREJINHOS,19,-
292330 OURICANGAS,15,-
292335 OUROLANDIA,17,-
292340 PALMAS DE MONTE ALTO,54,-
292360 PARAMIRIM,81,8
292370 PARATINGA,36,-
292380 PARIPIRANGA,18,3
292390 PAU BRASIL,13,-
292400 PAULO AFONSO,222,59
292405 PE DE SERRA,8,-
292430 PIATA,26,-
292440 PILAO ARCADO,30,-
292450 PINDAI,24,-
292460 PINDOBACU,58,-
292465 PINTADAS,6,9
292470 PIRIPA,17,-
292480 PIRITIBA,25,-
292490 PLANALTINO,36,-
292500 PLANALTO,59,-
292510 POCOES,57,-
292520 POJUCA,135,12
292525 PONTO NOVO,37,-
292530 PORTO SEGURO,154,38
292540 POTIRAGUA,21,-
292550 PRADO,42,-
292560 PRESIDENTE DUTRA,17,-
292570 PRESIDENTE JANIO QUADROS,37,-
292575 PRESIDENTE TANCREDO NEVES,17,-
292580 QUEIMADAS,50,-
292590 QUIJINGUE,17,-
292595 RAFAEL JAMBEIRO,22,-
292600 REMANSO,53,37
292610 RETIROLANDIA,24,-
292620 RIACHAO DAS NEVES,29,-
292630 RIACHAO DO JACUIPE,115,6
292640 RIACHO DE SANTANA,59,-
292650 RIBEIRA DO AMPARO,10,-
292660 RIBEIRA DO POMBAL,91,11
292670 RIO DE CONTAS,16,-
292690 RIO DO PIRES,27,-
292700 RIO REAL,57,-
292710 RODELAS,12,-
292720 RUY BARBOSA,113,7
292730 SALINAS DA MARGARIDA,9,-
292740 SALVADOR,5360,2656
292750 SANTA BARBARA,10,-
292770 SANTA CRUZ CABRALIA,22,-
292790 SANTA INES,41,-
292800 SANTALUZ,108,4
292810 SANTA MARIA DA VITORIA,48,11
292820 SANTANA,36,-
292830 SANTANOPOLIS,13,-
292840 SANTA RITA DE CASSIA,24,-
292850 SANTA TERESINHA,28,-
292860 SANTO AMARO,79,7
292870 SANTO ANTONIO DE JESUS,309,107
292880 SANTO ESTEVAO,62,23
292890 SAO DESIDERIO,30,-
292895 SAO DOMINGOS,20,-
292900 SAO FELIX,85,5
292905 SAO FELIX DO CORIBE,22,27
292910 SAO FELIPE,18,-
292920 SAO FRANCISCO DO CONDE,33,1
292925 SAO GABRIEL,34,-
292930 SAO GONCALO DOS CAMPOS,37,-
292940 SAO MIGUEL DAS MATAS,29,-
292950 SAO SEBASTIAO DO PASSE,53,-
292960 SAPEACU,77,-
292970 SATIRO DIAS,25,-
292975 SAUBARA,13,-
292980 SAUDE,39,-
292990 SEABRA,98,8
293000 SEBASTIAO LARANJEIRAS,20,-
293010 SENHOR DO BONFIM,73,38
293015 SERRA DO RAMALHO,31,-
293020 SENTO SE,32,-
293030 SERRA DOURADA,37,-
293040 SERRA PRETA,26,-
293050 SERRINHA,160,45
293060 SERROLANDIA,33,-
293070 SIMOES FILHO,72,6
293075 SITIO DO MATO,17,-
293077 SOBRADINHO,35,-
293080 SOUTO SOARES,12,-
293090 TABOCAS DO BREJO VELHO,32,-
293100 TANHACU,16,-
293105 TANQUE NOVO,30,-
293110 TANQUINHO,20,-
293120 TAPEROA,26,-
293130 TAPIRAMUTA,33,-
293135 TEIXEIRA DE FREITAS,179,78
293150 TEOFILANDIA,17,-
293160 TEOLANDIA,24,-
293170 TERRA NOVA,7,-
293180 TREMEDAL,19,-
293190 TUCANO,30,28
293200 UAUA,24,-
293210 UBAIRA,71,-
293220 UBAITABA,100,-
293230 UBATA,41,-
293240 UIBAI,30,-
293245 UMBURANAS,5,-
293250 UNA,47,-
293260 URANDI,34,-
293280 UTINGA,24,-
293290 VALENCA,78,12
293300 VALENTE,64,4
293305 VARZEA DA ROCA,21,-
293310 VARZEA DO POCO,30,-
293315 VARZEA NOVA,17,-
293325 VEREDA,15,-
293330 VITORIA DA CONQUISTA,727,263
293340 WAGNER,43,2
293345 WANDERLEY,28,-
293350 WENCESLAU GUIMARAES,44,-
293360 XIQUE-XIQUE,87,-
310010 ABADIA DOS DOURADOS,12,-
310020 ABAETE,41,5
310030 ABRE CAMPO,59,7
310060 AGUA BOA,15,-
310090 AGUAS FORMOSAS,61,5
310100 AGUAS VERMELHAS,46,1
310110 AIMORES,43,10
310120 AIURUOCA,33,6
310130 ALAGOA,13,4
310150 ALEM PARAIBA,48,38
310160 ALFENAS,208,251
310170 ALMENARA,72,5
310190 ALPINOPOLIS,40,4
310200 ALTEROSA,20,6
310210 ALTO RIO DOCE,16,1
310230 ALVINOPOLIS,31,5
310260 ANDRADAS,37,15
310270 CACHOEIRA DE PAJEU,35,-
310280 ANDRELANDIA,39,13
310290 ANTONIO CARLOS,12,1
310340 ARACUAI,60,12
310350 ARAGUARI,353,138
310375 ARAPORA,14,-
310400 ARAXA,142,76
310410 ARCEBURGO,8,-
310420 ARCOS,43,22
310430 AREADO,15,-
310450 ARINOS,36,-
310470 ATALEIA,38,-
310490 BAEPENDI,48,11
310510 BAMBUI,77,88
310540 BARAO DE COCAIS,34,-
310560 BARBACENA,383,436
310590 BARROSO,42,6
310620 BELO HORIZONTE,5171,3772
310630 BELO ORIENTE,47,3
310640 BELO VALE,31,-
310650 BERILO,40,-
310670 BETIM,397,327
310690 BICAS,28,7
310710 BOA ESPERANCA,55,16
310730 BOCAIUVA,70,-
310740 BOM DESPACHO,66,21
310750 BOM JARDIM DE MINAS,29,-
310780 BOM JESUS DO GALHO,33,7
310800 BOM SUCESSO,50,16
310820 BONFINOPOLIS DE MINAS,7,-
310830 BORDA DA MATA,-,8
310840 BOTELHOS,15,4
310860 BRASILIA DE MINAS,105,9
310890 BRAZOPOLIS,17,7
310900 BRUMADINHO,51,-
310910 BUENO BRANDAO,19,6
310930 BURITIS,21,10
310940 BURITIZEIRO,31,-
310950 CABO VERDE,30,12
310990 CAETANOPOLIS,37,7
311000 CAETE,46,5
311030 CALDAS,25,24
311050 CAMANDUCAIA,19,4
311060 CAMBUI,35,14
311070 CAMBUQUIRA,29,7
311090 CAMPANHA,20,2
311100 CAMPESTRE,38,8
311110 CAMPINA VERDE,25,11
311120 CAMPO BELO,77,32
311130 CAMPO DO MEIO,10,-
311150 CAMPOS ALTOS,35,3
311160 CAMPOS GERAIS,45,6
311180 CANAPOLIS,23,2
311200 CANDEIAS,18,4
311230 CAPELINHA,49,5
311260 CAPINOPOLIS,31,-
311280 CAPITOLIO,14,3
311300 CARAI,43,1
311320 CARANDAI,39,8
311330 CARANGOLA,145,56
311340 CARATINGA,156,76
311350 CARBONITA,21,-
311360 CAREACU,14,6
311370 CARLOS CHAGAS,46,-
311380 CARMESIA,10,-
311390 CARMO DA CACHOEIRA,37,-
311400 CARMO DA MATA,10,-
311410 CARMO DE MINAS,30,4
311430 CARMO DO PARANAIBA,35,9
311440 CARMO DO RIO CLARO,28,2
311450 CARMOPOLIS DE MINAS,26,12
311460 CARRANCAS,17,4
311510 CASSIA,50,6
311530 CATAGUASES,78,43
311550 CAXAMBU,31,2
311570 CENTRAL DE MINAS,22,-
311580 CENTRALINA,19,-
311615 CHAPADA GAUCHA,18,-
311630 CIPOTANEA,14,-
311660 CLAUDIO,34,7
311680 COLUNA,38,-
311690 COMENDADOR GOMES,5,-
311710 CONCEICAO DA APARECIDA,19,-
311730 CONCEICAO DAS ALAGOAS,18,4
311750 CONCEICAO DO MATO DENTRO,39,4
311770 CONCEICAO DO RIO VERDE,28,6
311800 CONGONHAS,55,31
311820 CONQUISTA,11,4
311830 CONSELHEIRO LAFAIETE,162,80
311840 CONSELHEIRO PENA,44,9
311860 CONTAGEM,435,187
311880 CORACAO DE JESUS,40,-
311930 COROMANDEL,26,4
311940 CORONEL FABRICIANO,63,74
312020 CRISTAIS,19,-
312050 CRISTINA,23,2
312080 CRUZILIA,61,5
312090 CURVELO,141,48
312100 DATAS,21,-
312120 DELFINOPOLIS,14,5
312160 DIAMANTINA,161,18
312180 DIONISIO,-,9
312200 DIVINO,30,7
312210 DIVINO DAS LARANJEIRAS,21,-
312230 DIVINOPOLIS,199,457
312235 DIVISA ALEGRE,-,1
312240 DIVISA NOVA,-,7
312245 DIVISOPOLIS,1,-
312260 DOM JOAQUIM,19,-
312270 DOM SILVERIO,6,1
312320 DORES DO INDAIA,30,10
312360 ELOI MENDES,40,-
312390 ENTRE RIOS DE MINAS,61,3
312400 ERVALIA,16,-
312410 ESMERALDAS,52,5
312420 ESPERA FELIZ,42,5
312430 ESPINOSA,40,-
312450 ESTIVA,20,5
312470 ESTRELA DO INDAIA,21,-
312480 ESTRELA DO SUL,4,-
312490 EUGENOPOLIS,21,6
312510 EXTREMA,42,29
312550 SAO GONCALO DO RIO PRETO,8,-
312560 FELISBURGO,42,3
312590 FERROS,24,1
312595 FERVEDOURO,19,-
312610 FORMIGA,57,42
312620 FORMOSO,10,-
312650 FRANCISCO BADARO,11,-
312670 FRANCISCO SA,50,-
312690 FREI INOCENCIO,16,-
312710 FRUTAL,45,35
312760 GOUVEIA,26,2
312770 GOVERNADOR VALADARES,399,155
312780 GRAO MOGOL,50,-
312800 GUANHAES,68,22
312810 GUAPE,24,5
312820 GUARACIABA,23,-
312830 GUARANESIA,22,12
312860 GUARDA-MOR,16,-
312870 GUAXUPE,55,64
312910 GURINHATA,12,-
312940 IBERTIOGA,23,-
312950 IBIA,25,4
312970 IBIRACI,12,-
312980 IBIRITE,92,-
313010 IGARAPE,37,-
313030 IGUATAMA,18,12
313050 ILICINEA,38,2
313090 INHAPIM,45,3
313120 IPANEMA,44,46
313130 IPATINGA,364,252
313170 ITABIRA,174,64
313180 ITABIRINHA,21,-
313190 ITABIRITO,49,26
313210 ITACARAMBI,38,-
313220 ITAGUARA,40,5
313230 ITAIPE,28,-
313240 ITAJUBA,122,66
313250 ITAMARANDIBA,74,23
313270 ITAMBACURI,78,5
313290 ITAMOGI,14,4
313300 ITAMONTE,47,-
313310 ITANHANDU,48,8
313320 ITANHOMI,18,2
313330 ITAOBIM,59,5
313350 ITAPECERICA,37,8
313375 ITAU DE MINAS,34,6
313380 ITAUNA,79,37
313420 ITUIUTABA,146,79
313440 ITURAMA,58,13
313460 JABOTICATUBAS,31,1
313470 JACINTO,48,1
313480 JACUI,10,2
313490 JACUTINGA,26,11
313505 JAIBA,25,2
313510 JANAUBA,125,38
313520 JANUARIA,61,4
313540 JECEABA,27,-
313580 JEQUITINHONHA,50,6
313600 JOAIMA,33,-
313620 JOAO MONLEVADE,90,45
313630 JOAO PINHEIRO,48,17
313650 JORDANIA,27,-
313665 JUATUBA,14,-
313670 JUIZ DE FORA,1431,1070
313690 JURUAIA,11,3
313700 LADAINHA,21,-
313710 LAGAMAR,9,-
313720 LAGOA DA PRATA,48,16
313750 LAGOA FORMOSA,18,-
313760 LAGOA SANTA,43,32
313770 LAJINHA,40,12
313780 LAMBARI,45,5
313790 LAMIM,8,-
313800 LARANJAL,20,3
313820 LAVRAS,130,77
313840 LEOPOLDINA,78,22
313860 LIMA DUARTE,30,6
313880 LUZ,35,5
313890 MACHACALIS,44,2
313900 MACHADO,44,14
313920 MALACACHETA,43,-
313930 MANGA,39,4
313940 MANHUACU,145,40
313950 MANHUMIRIM,59,49
313960 MANTENA,69,16
313980 MAR DE ESPANHA,30,8
313990 MARIA DA FE,30,-
314000 MARIANA,56,11
314050 MARTINHO CAMPOS,14,4
314070 MATEUS LEME,51,16
314080 MATIAS BARBOSA,-,30
314090 MATIPO,45,5
314100 MATO VERDE,4,-
314110 MATOZINHOS,38,11
314120 MATUTINA,10,-
314140 MEDINA,49,4
314150 MENDES PIMENTEL,21,-
314160 MERCES,12,8
314180 MINAS NOVAS,42,19
314190 MINDURI,13,7
314200 MIRABELA,28,2
314220 MIRAI,30,16
314240 MOEMA,12,1
314260 MONSENHOR PAULO,39,5
314270 MONTALVANIA,31,3
314280 MONTE ALEGRE DE MINAS,18,4
314290 MONTE AZUL,40,2
314300 MONTE BELO,13,5
314310 MONTE CARMELO,99,19
314320 MONTE SANTO DE MINAS,28,22
314330 MONTES CLAROS,697,304
314350 MORADA NOVA DE MINAS,19,1
314390 MURIAE,308,187
314400 MUTUM,46,4
314410 MUZAMBINHO,27,23
314430 NANUQUE,46,29
314450 NAZARENO,15,-
314460 NEPOMUCENO,36,4
314470 NOVA ERA,30,13
314480 NOVA LIMA,71,233
314500 NOVA PONTE,23,5
314510 NOVA RESENDE,18,-
314520 NOVA SERRANA,52,24
314530 NOVO CRUZEIRO,35,1
314560 OLIVEIRA,67,42
314590 OURO BRANCO,37,59
314600 OURO FINO,40,10
314610 OURO PRETO,75,43
314630 PADRE PARAISO,38,2
314650 PAINS,18,-
314670 PALMA,21,6
314700 PARACATU,89,199
314710 PARA DE MINAS,71,35
314720 PARAGUACU,30,3
314730 PARAISOPOLIS,42,8
314750 PASSABEM,14,-
314760 PASSA QUATRO,29,20
314770 PASSA TEMPO,11,8
314790 PASSOS,189,129
314800 PATOS DE MINAS,200,181
314810 PATROCINIO,126,60
314860 PECANHA,51,1
314870 PEDRA AZUL,61,8
314910 PEDRALVA,9,5
314920 PEDRINOPOLIS,8,-
314930 PEDRO LEOPOLDO,65,12
314980 PERDIZES,21,3
314990 PERDOES,38,14
315030 PIEDADE DO RIO GRANDE,14,-
315050 PIMENTA,12,-
315080 PIRANGA,24,1
315110 PIRAPETINGA,32,-
315120 PIRAPORA,91,62
315140 PITANGUI,34,16
315150 PIUMHI,47,29
315160 PLANURA,6,-
315170 POCO FUNDO,60,4
315180 POCOS DE CALDAS,250,300
315190 POCRANE,18,-
315200 POMPEU,30,2
315210 PONTE NOVA,187,65
315220 PORTEIRINHA,40,8
315240 POTE,32,1
315250 POUSO ALEGRE,236,141
315260 POUSO ALTO,26,1
315270 PRADOS,30,3
315280 PRATA,26,2
315290 PRATAPOLIS,15,2
315300 PRATINHA,2,-
315310 PRESIDENTE BERNARDES,18,-
315340 PRESIDENTE OLEGARIO,18,-
315400 RAUL SOARES,36,13
315410 RECREIO,30,4
315420 RESENDE COSTA,39,10
315430 RESPLENDOR,56,9
315460 RIBEIRAO DAS NEVES,95,6
315470 RIBEIRAO VERMELHO,11,1
315480 RIO ACIMA,6,-
315490 RIO CASCA,41,7
315520 RIO ESPERA,18,-
315550 RIO PARANAIBA,25,-
315560 RIO PARDO DE MINAS,40,-
315570 RIO PIRACICABA,25,7
315580 RIO POMBA,28,18
315590 RIO PRETO,16,1
315600 RIO VERMELHO,32,-
315640 ROMARIA,5,-
315660 RUBIM,35,3
315670 SABARA,105,6
315680 SABINOPOLIS,42,-
315690 SACRAMENTO,30,20
315700 SALINAS,70,37
315710 SALTO DA DIVISA,13,2
315720 SANTA BARBARA,31,19
315770 SANTA JULIANA,41,-
315780 SANTA LUZIA,169,16
315790 SANTA MARGARIDA,31,-
315800 SANTA MARIA DE ITABIRA,10,3
315820 SANTA MARIA DO SUACUI,41,-
315920 SANTA RITA DE CALDAS,-,43
315930 SANTA RITA DE JACUTINGA,17,2
315960 SANTA RITA DO SAPUCAI,37,17
315970 SANTA ROSA DA SERRA,2,-
315980 SANTA VITORIA,34,5
315990 SANTO ANTONIO DO AMPARO,34,4
316030 SANTO ANTONIO DO JACINTO,-,8
316040 SANTO ANTONIO DO MONTE,44,10
316070 SANTOS DUMONT,57,9
316100 SAO DOMINGOS DO PRATA,36,4
316110 SAO FRANCISCO,59,-
316200 SAO GONCALO DO SAPUCAI,28,19
316210 SAO GOTARDO,35,18
316220 SAO JOAO BATISTA DO GLORIA,17,6
316240 SAO JOAO DA PONTE,31,-
316250 SAO JOAO DEL REI,131,102
316257 SAO JOAO DO MANTENINHA,12,-
316270 SAO JOAO DO PARAISO,42,6
316280 SAO JOAO EVANGELISTA,47,2
316290 SAO JOAO NEPOMUCENO,39,5
316292 SAO JOAQUIM DE BICAS,24,-
316370 SAO LOURENCO,66,56
316390 SAO PEDRO DA UNIAO,8,-
316420 SAO ROMAO,18,-
316430 SAO ROQUE DE MINAS,12,-
316470 SAO SEBASTIAO DO PARAISO,285,82
316500 SAO TIAGO,30,15
316510 SAO TOMAS DE AQUINO,-,1
316530 SAO VICENTE DE MINAS,23,7
316570 SENADOR FIRMINO,6,2
316680 SERRA DO SALITRE,37,-
316690 SERRANIA,13,1
316710 SERRO,50,19
316720 SETE LAGOAS,241,102
316800 TAIOBEIRAS,76,22
316840 TARUMIRIM,49,3
316860 TEOFILO OTONI,267,67
316870 TIMOTEO,37,6
316890 TIROS,14,-
316920 TOMBOS,25,12
316930 TRES CORACOES,115,52
316935 TRES MARIAS,27,8
316940 TRES PONTAS,62,54
316960 TUPACIGUARA,18,4
316970 TURMALINA,39,7
316990 UBA,230,80
317005 UBAPORANGA,-,2
317010 UBERABA,657,224
317020 UBERLANDIA,949,517
317040 UNAI,71,65
317043 UNIAO DE MINAS,34,-
317052 URUCUIA,31,-
317070 VARGINHA,186,119
317080 VARZEA DA PALMA,53,-
317090 VARZELANDIA,23,-
317100 VAZANTE,34,16
317120 VESPASIANO,53,6
317130 VICOSA,142,71
317160 VIRGEM DA LAPA,39,-
317170 VIRGINIA,37,-
317180 VIRGINOPOLIS,46,2
317200 VISCONDE DO RIO BRANCO,60,30
320010 AFONSO CLAUDIO,57,6
320020 ALEGRE,40,7
320040 ANCHIETA,107,77
320050 APIACA,16,-
320060 ARACRUZ,88,35
320070 ATILIO VIVACQUA,11,-
320080 BAIXO GUANDU,52,-
320090 BARRA DE SAO FRANCISCO,61,25
320100 BOA ESPERANCA,30,8
320115 BREJETUBA,4,-
320120 CACHOEIRO DE ITAPEMIRIM,484,135
320130 CARIACICA,237,142
320140 CASTELO,55,-
320150 COLATINA,306,114
320160 CONCEICAO DA BARRA,29,-
320170 CONCEICAO DO CASTELO,20,3
320190 DOMINGOS MARTINS,95,7
320210 ECOPORANGA,46,10
320220 FUNDAO,27,45
320230 GUACUI,58,12
320240 GUARAPARI,114,83
320245 IBATIBA,14,-
320250 IBIRACU,1,-
320270 ITAGUACU,12,-
320280 ITAPEMIRIM,84,6
320290 ITARANA,36,2
320300 IUNA,55,10
320305 JAGUARE,22,-
320310 JERONIMO MONTEIRO,50,-
320313 JOAO NEIVA,33,18
320316 LARANJA DA TERRA,23,-
320320 LINHARES,259,143
320332 MARATAIZES,20,60
320340 MIMOSO DO SUL,29,10
320350 MONTANHA,32,3
320360 MUCURICI,19,-
320370 MUNIZ FREIRE,19,3
320380 MUQUI,21,-
320390 NOVA VENECIA,51,13
320400 PANCAS,20,-
320405 PEDRO CANARIO,30,6
320410 PINHEIROS,32,-
320420 PIUMA,31,11
320425 PONTO BELO,8,-
320435 RIO BANANAL,26,-
320450 SANTA LEOPOLDINA,25,-
320455 SANTA MARIA DE JETIBA,56,2
320460 SANTA TERESA,75,31
320470 SAO GABRIEL DA PALHA,20,150
320480 SAO JOSE DO CALCADO,76,22
320490 SAO MATEUS,235,94
320500 SERRA,607,376
320501 SOORETAMA,6,-
320503 VARGEM ALTA,30,-
320506 VENDA NOVA DO IMIGRANTE,69,15
320520 VILA VELHA,563,568
320530 VITORIA,1186,651
330010 ANGRA DOS REIS,199,37
330015 APERIBE,35,-
330020 ARARUAMA,131,35
330022 AREAL,21,-
330023 ARMACAO DOS BUZIOS,69,-
330025 ARRAIAL DO CABO,76,-
330030 BARRA DO PIRAI,238,48
330040 BARRA MANSA,194,200
330045 BELFORD ROXO,275,125
330050 BOM JARDIM,60,5
330060 BOM JESUS DO ITABAPOANA,118,52
330070 CABO FRIO,214,222
330080 CACHOEIRAS DE MACACU,78,-
330090 CAMBUCI,33,9
330093 CARAPEBUS,8,-
330095 COMENDADOR LEVY GASPARIAN,1,40
330100 CAMPOS DOS GOYTACAZES,1019,656
330110 CANTAGALO,71,12
330120 CARMO,38,3
330130 CASIMIRO DE ABREU,54,-
330140 CONCEICAO DE MACABU,21,-
330150 CORDEIRO,50,-
330160 DUAS BARRAS,30,-
330170 DUQUE DE CAXIAS,924,241
330180 ENGENHEIRO PAULO DE FRONTIN,23,6
330185 GUAPIMIRIM,91,64
330190 ITABORAI,282,35
330200 ITAGUAI,99,69
330205 ITALVA,-,56
330210 ITAOCARA,31,31
330220 ITAPERUNA,223,129
330225 ITATIAIA,36,-
330227 JAPERI,30,-
330230 LAJE DO MURIAE,30,2
330240 MACAE,309,292
330250 MAGE,157,51
330260 MANGARATIBA,64,-
330270 MARICA,185,1
330280 MENDES,87,10
330285 MESQUITA,113,76
330290 MIGUEL PEREIRA,68,-
330300 MIRACEMA,29,27
330310 NATIVIDADE,39,10
330320 NILOPOLIS,94,134
330330 NITEROI,938,1369
330340 NOVA FRIBURGO,469,244
330350 NOVA IGUACU,674,489
330360 PARACAMBI,69,18
330370 PARAIBA DO SUL,120,8
330380 PARATY,59,-
330390 PETROPOLIS,945,714
330395 PINHEIRAL,33,-
330400 PIRAI,47,5
330410 PORCIUNCULA,1,-
330411 PORTO REAL,45,-
330412 QUATIS,33,-
330414 QUEIMADOS,121,-
330415 QUISSAMA,67,-
330420 RESENDE,159,172
330430 RIO BONITO,93,25
330440 RIO CLARO,41,-
330450 RIO DAS FLORES,27,-
330452 RIO DAS OSTRAS,112,12
330455 RIO DE JANEIRO,8311,8162
330460 SANTA MARIA MADALENA,23,-
330470 SANTO ANTONIO DE PADUA,83,93
330475 SAO FRANCISCO DE ITABAPOANA,39,-
330480 SAO FIDELIS,102,9
330490 SAO GONCALO,723,322
330500 SAO JOAO DA BARRA,59,-
330510 SAO JOAO DE MERITI,172,138
330515 SAO JOSE DO VALE DO RIO PRETO,48,-
330520 SAO PEDRO DA ALDEIA,54,23
330530 SAO SEBASTIAO DO ALTO,40,8
330540 SAPUCAIA,4,-
330550 SAQUAREMA,156,-
330555 SEROPEDICA,35,-
330560 SILVA JARDIM,40,-
330570 SUMIDOURO,28,-
330575 TANGUA,14,50
330580 TERESOPOLIS,223,144
330590 TRAJANO DE MORAES,31,7
330600 TRES RIOS,63,28
330610 VALENCA,288,25
330615 VARRE-SAI,23,-
330620 VASSOURAS,284,94
330630 VOLTA REDONDA,494,346
350010 ADAMANTINA,138,57
350030 AGUAI,24,-
350050 AGUAS DE LINDOIA,30,12
350070 AGUDOS,38,16
350100 ALTINOPOLIS,19,2
350110 ALTO ALEGRE,19,3
350115 ALUMINIO,-,120
350130 ALVARES MACHADO,16,2
350160 AMERICANA,154,286
350170 AMERICO BRASILIENSE,253,-
350190 AMPARO,216,158
350210 ANDRADINA,69,39
350220 ANGATUBA,54,3
350250 APARECIDA,69,23
350260 APARECIDA D'OESTE,13,1
350270 APIAI,45,6
350280 ARACATUBA,269,149
350290 ARACOIABA DA SERRA,45,285
350310 ARANDU,6,-
350320 ARARAQUARA,254,230
350330 ARARAS,165,253
350340 AREALVA,15,17
350380 ARTUR NOGUEIRA,8,-
350390 ARUJA,36,-
350400 ASSIS,151,126
350410 ATIBAIA,60,206
350420 AURIFLAMA,35,9
350450 AVARE,132,46
350490 BANANAL,15,-
350520 BARIRI,45,13
350530 BARRA BONITA,36,15
350550 BARRETOS,413,73
350570 BARUERI,430,94
350580 BASTOS,23,7
350590 BATATAIS,101,32
350600 BAURU,761,568
350610 BEBEDOURO,137,38
350630 BERNARDINO DE CAMPOS,23,-
350635 BERTIOGA,49,-
350640 BILAC,35,1
350650 BIRIGUI,66,82
350660 BIRITIBA-MIRIM,13,-
350670 BOA ESPERANCA DO SUL,15,1
350680 BOCAINA,18,-
350700 BOITUVA,39,15
350710 BOM JESUS DOS PERDOES,11,-
350740 BORBOREMA,16,10
350750 BOTUCATU,511,309
350760 BRAGANCA PAULISTA,203,161
350790 BROTAS,35,6
350810 BURITAMA,26,14
350840 CABREUVA,15,51
350850 CACAPAVA,75,124
350860 CACHOEIRA PAULISTA,32,-
350870 CACONDE,50,-
350880 CAFELANDIA,34,11
350900 CAIEIRAS,69,53
350920 CAJAMAR,39,100
350930 CAJOBI,21,11
350940 CAJURU,55,85
350950 CAMPINAS,1371,1414
350960 CAMPO LIMPO PAULISTA,54,-
350970 CAMPOS DO JORDAO,185,10
351000 CANDIDO MOTA,25,5
351020 CAPAO BONITO,37,8
351030 CAPELA DO ALTO,14,45
351040 CAPIVARI,61,43
351050 CARAGUATATUBA,259,68
351060 CARAPICUIBA,220,50
351070 CARDOSO,10,21
351080 CASA BRANCA,398,8
351100 CASTILHO,30,1
351110 CATANDUVA,374,248
351140 CERQUEIRA CESAR,35,3
351150 CERQUILHO,26,12
351160 CESARIO LANGE,23,4
351170 CHARQUEADA,26,7
351190 CLEMENTINA,21,3
351200 COLINA,41,13
351210 COLOMBIA,20,-
351220 CONCHAL,40,12
351230 CONCHAS,14,1
351260 CORONEL MACEDO,2,-
351270 CORUMBATAI,2,-
351280 COSMOPOLIS,28,33
351300 COTIA,133,385
351310 CRAVINHOS,13,2
351340 CRUZEIRO,83,38
351350 CUBATAO,119,-
351360 CUNHA,25,15
351370 DESCALVADO,25,15
351380 DIADEMA,555,39
351390 DIVINOLANDIA,186,-
351410 DOIS CORREGOS,47,20
351430 DOURADO,15,-
351440 DRACENA,108,35
351450 DUARTINA,77,10
351480 ELDORADO,2,-
351490 ELIAS FAUSTO,6,-
351500 EMBU DAS ARTES,89,155
351510 EMBU-GUACU,15,-
351518 ESPIRITO SANTO DO PINHAL,336,79
351520 ESTRELA D'OESTE,45,6
351540 FARTURA,12,8
351550 FERNANDOPOLIS,84,51
351570 FERRAZ DE VASCONCELOS,189,-
351600 FLORIDA PAULISTA,30,17
351620 FRANCA,404,161
351630 FRANCISCO MORATO,168,-
351640 FRANCO DA ROCHA,384,50
351660 GALIA,27,18
351670 GARCA,240,29
351690 GENERAL SALGADO,19,9
351700 GETULINA,36,2
351740 GUAIRA,53,18
351770 GUARA,52,8
351780 GUARACAI,15,8
351820 GUARARAPES,48,26
351830 GUARAREMA,29,2
351840 GUARATINGUETA,166,117
351860 GUARIBA,53,8
351870 GUARUJA,306,141
351880 GUARULHOS,1423,478
351900 HERCULANDIA,58,-
351907 HORTOLANDIA,84,22
351910 IACANGA,28,2
351930 IBATE,27,11
351940 IBIRA,9,18
351960 IBITINGA,49,55
351970 IBIUNA,70,175
351990 IEPE,18,-
352010 IGARAPAVA,32,11
352020 IGARATA,8,-
352040 ILHABELA,39,-
352044 ILHA SOLTEIRA,74,36
352050 INDAIATUBA,270,184
352070 INDIAPORA,4,32
352090 IPAUSSU,28,21
352100 IPERO,15,-
352110 IPEUNA,-,1
352130 IPUA,43,7
352140 IRACEMAPOLIS,3,-
352170 ITABERA,19,-
352180 ITAI,31,-
352190 ITAJOBI,35,15
352210 ITANHAEM,145,-
352220 ITAPECERICA DA SERRA,195,438
352230 ITAPETININGA,148,43
352240 ITAPEVA,102,45
352250 ITAPEVI,224,136
352260 ITAPIRA,538,389
352270 ITAPOLIS,43,26
352280 ITAPORANGA,29,12
352290 ITAPUI,35,-
352310 ITAQUAQUECETUBA,267,6
352320 ITARARE,51,27
352340 ITATIBA,61,59
352350 ITATINGA,7,7
352360 ITIRAPINA,10,-
352390 ITU,351,114
352400 ITUPEVA,48,38
352410 ITUVERAVA,53,67
352420 JABORANDI,17,-
352430 JABOTICABAL,46,231
352440 JACAREI,165,189
352450 JACI,168,48
352470 JAGUARIUNA,84,-
352480 JALES,103,48
352500 JANDIRA,-,15
352520 JARINU,17,12
352530 JAU,569,307
352550 JOANOPOLIS,11,-
352570 JOSE BONIFACIO,37,30
352590 JUNDIAI,464,412
352600 JUNQUEIROPOLIS,25,21
352620 JUQUITIBA,1,-
352640 LARANJAL PAULISTA,28,18
352670 LEME,77,58
352680 LENCOIS PAULISTA,44,127
352690 LIMEIRA,172,214
352710 LINS,279,90
352720 LORENA,85,115
352730 LOUVEIRA,28,4
352740 LUCELIA,30,6
352800 MACATUBA,18,13
352810 MACAUBAL,10,5
352850 MAIRIPORA,44,-
352880 MARACAI,22,4
352900 MARILIA,572,283
352920 MARTINOPOLIS,40,5
352930 MATAO,87,64
352940 MAUA,261,267
352970 MIGUELOPOLIS,51,21
352980 MINEIROS DO TIETE,11,-
353010 MIRANDOPOLIS,88,-
353020 MIRANTE DO PARANAPANEMA,23,-
353030 MIRASSOL,28,51
353050 MOCOCA,78,59
353060 MOGI DAS CRUZES,591,257
353070 MOGI GUACU,155,192
353080 MOGI MIRIM,109,63
353110 MONGAGUA,36,-
353130 MONTE ALTO,49,47
353140 MONTE APRAZIVEL,30,50
353150 MONTE AZUL PAULISTA,51,19
353180 MONTE MOR,26,9
353190 MORRO AGUDO,35,12
353200 MORUNGABA,8,1
353240 NAZARE PAULISTA,20,-
353250 NEVES PAULISTA,10,11
353260 NHANDEARA,35,94
353290 NOVA EUROPA,13,5
353300 NOVA GRANADA,19,43
353340 NOVA ODESSA,35,-
353350 NOVO HORIZONTE,41,32
353390 OLIMPIA,47,32
353430 ORLANDIA,60,38
353440 OSASCO,629,320
353460 OSVALDO CRUZ,58,14
353470 OURINHOS,97,70
353475 OUROESTE,28,5
353520 PALMEIRA D'OESTE,12,8
353530 PALMITAL,29,14
353550 PARAGUACU PAULISTA,73,23
353580 PARANAPANEMA,15,-
353600 PARAPUA,26,6
353620 PARIQUERA-ACU,154,-
353630 PATROCINIO PAULISTA,23,12
353650 PAULINIA,79,-
353660 PAULO DE FARIA,18,6
353670 PEDERNEIRAS,54,8
353700 PEDREGULHO,55,9
353710 PEDREIRA,75,10
353720 PEDRO DE TOLEDO,3,-
353730 PENAPOLIS,120,18
353740 PEREIRA BARRETO,47,5
353760 PERUIBE,15,3
353780 PIEDADE,59,20
353790 PILAR DO SUL,27,8
353800 PINDAMONHANGABA,129,126
353860 PIRACAIA,28,14
353870 PIRACICABA,375,357
353880 PIRAJU,49,19
353890 PIRAJUI,85,205
353900 PIRANGI,22,25
353930 PIRASSUNUNGA,67,60
353940 PIRATININGA,21,2
353950 PITANGUEIRAS,32,24
353980 POA,10,-
354000 POMPEIA,19,7
354020 PONTAL,19,4
354040 POPULINA,6,12
354060 PORTO FELIZ,45,18
354070 PORTO FERREIRA,33,22
354080 POTIRENDABA,28,4
354100 PRAIA GRANDE,216,162
354120 PRESIDENTE BERNARDES,40,11
354130 PRESIDENTE EPITACIO,68,10
354140 PRESIDENTE PRUDENTE,735,360
354150 PRESIDENTE VENCESLAU,62,40
354160 PROMISSAO,64,-
354190 QUELUZ,19,-
354220 RANCHARIA,71,32
354240 REGENTE FEIJO,31,9
354260 REGISTRO,195,47
354290 RIBEIRAO BONITO,10,3
354300 RIBEIRAO BRANCO,26,-
354330 RIBEIRAO PIRES,42,114
354340 RIBEIRAO PRETO,1425,817
354380 RINOPOLIS,20,3
354390 RIO CLARO,210,177
354400 RIO DAS PEDRAS,64,8
354420 RIOLANDIA,25,11
354425 ROSANA,80,-
354430 ROSEIRA,14,-
354490 SALES OLIVEIRA,20,10
354500 SALESOPOLIS,9,-
354520 SALTO,116,-
354530 SALTO DE PIRAPORA,43,9
354540 SALTO GRANDE,22,12
354560 SANTA ADELIA,11,8
354580 SANTA BARBARA D'OESTE,116,80
354630 SANTA CRUZ DAS PALMEIRAS,25,10
354640 SANTA CRUZ DO RIO PARDO,55,41
354660 SANTA FE DO SUL,58,23
354680 SANTA ISABEL,71,11
354690 SANTA LUCIA,-,8
354700 SANTA MARIA DA SERRA,6,-
354730 SANTANA DE PARNAIBA,62,-
354750 SANTA RITA DO PASSA QUATRO,253,12
354760 SANTA ROSA DE VITERBO,19,13
354770 SANTO ANASTACIO,37,19
354780 SANTO ANDRE,763,797
354790 SANTO ANTONIO DA ALEGRIA,9,-
354850 SANTOS,720,907
354860 SAO BENTO DO SAPUCAI,26,14
354870 SAO BERNARDO DO CAMPO,719,1042
354880 SAO CAETANO DO SUL,177,618
354890 SAO CARLOS,171,246
354910 SAO JOAO DA BOA VISTA,94,105
354940 SAO JOAQUIM DA BARRA,63,41
354970 SAO JOSE DO RIO PARDO,79,62
354980 SAO JOSE DO RIO PRETO,1050,1119
354990 SAO JOSE DOS CAMPOS,735,855
354995 SAO LOURENCO DA SERRA,-,60
355000 SAO LUIS DO PARAITINGA,16,9
355010 SAO MANUEL,42,16
355020 SAO MIGUEL ARCANJO,80,-
355030 SAO PAULO,15409,14884
355040 SAO PEDRO,51,12
355060 SAO ROQUE,62,212
355070 SAO SEBASTIAO,99,12
355080 SAO SEBASTIAO DA GRAMA,26,4
355090 SAO SIMAO,36,4
355100 SAO VICENTE,182,101
355150 SERRANA,82,2
355160 SERRA NEGRA,33,16
355170 SERTAOZINHO,61,73
355200 SILVEIRAS,2,-
355210 SOCORRO,63,7
355220 SOROCABA,904,723
355230 SUD MENNUCCI,20,2
355240 SUMARE,182,9
355250 SUZANO,191,161
355260 TABAPUA,11,19
355270 TABATINGA,22,13
355280 TABOAO DA SERRA,289,161
355300 TAGUAI,24,5
355320 TAIUVA,4,-
355330 TAMBAU,28,8
355340 TANABI,30,42
355360 TAPIRATIBA,15,1
355370 TAQUARITINGA,74,48
355380 TAQUARITUBA,32,15
355400 TATUI,78,51
355410 TAUBATE,366,150
355430 TEODORO SAMPAIO,52,6
355440 TERRA ROXA,30,4
355450 TIETE,33,22
355470 TORRINHA,13,7
355480 TREMEMBE,-,10
355500 TUPA,324,16
355510 TUPI PAULISTA,30,18
355540 UBATUBA,83,3
355580 URANIA,24,2
355600 URUPES,10,10
355620 VALINHOS,56,86
355630 VALPARAISO,31,24
355640 VARGEM GRANDE DO SUL,31,19
355650 VARZEA PAULISTA,31,2
355660 VERA CRUZ,-,72
355670 VINHEDO,62,23
355680 VIRADOURO,30,18
355700 VOTORANTIM,64,38
355710 VOTUPORANGA,115,96
355720 CHAVANTES,30,21
410020 ADRIANOPOLIS,3,-
410030 AGUDOS DO SUL,12,-
410045 ALTAMIRA DO PARANA,19,-
410050 ALTONIA,39,-
410060 ALTO PARANA,19,1
410080 ALVORADA DO SUL,20,-
410090 AMAPORA,13,-
410100 AMPERE,33,1
410110 ANDIRA,57,5
410120 ANTONINA,31,-
410130 ANTONIO OLINTO,2,-
410140 APUCARANA,159,103
410150 ARAPONGAS,322,66
410160 ARAPOTI,32,-
410170 ARARUNA,20,-
410180 ARAUCARIA,62,-
410190 ASSAI,38,11
410200 ASSIS CHATEAUBRIAND,68,9
410210 ASTORGA,90,9
410240 BANDEIRANTES,62,50
410250 BARBOSA FERRAZ,1,-
410280 BELA VISTA DO PARAISO,17,-
410290 BITURUNA,43,-
410305 BOA VISTA DA APARECIDA,20,-
410310 BOCAIUVA DO SUL,9,-
410320 BOM SUCESSO,29,-
410330 BORRAZOPOLIS,26,-
410360 CAMBARA,89,6
410370 CAMBE,82,36
410390 CAMPINA DA LAGOA,26,8
410400 CAMPINA GRANDE DO SUL,323,33
410420 CAMPO LARGO,776,52
410430 CAMPO MOURAO,149,66
410440 CANDIDO DE ABREU,31,-
410442 CANDOI,39,2
410450 CAPANEMA,28,10
410460 CAPITAO LEONIDAS MARQUES,32,2
410470 CARLOPOLIS,50,-
410480 CASCAVEL,590,374
410490 CASTRO,84,35
410510 CENTENARIO DO SUL,25,-
410520 CERRO AZUL,17,-
410530 CEU AZUL,28,8
410540 CHOPINZINHO,70,7
410550 CIANORTE,124,40
410560 CIDADE GAUCHA,22,-
410570 CLEVELANDIA,49,7
410580 COLOMBO,71,36
410590 COLORADO,80,21
410600 CONGONHINHAS,24,-
410610 CONSELHEIRO MAIRINCK,20,-
410620 CONTENDA,16,-
410630 CORBELIA,33,-
410640 CORNELIO PROCOPIO,185,108
410650 CORONEL VIVIDA,46,15
410660 CRUZEIRO DO OESTE,32,-
410670 CRUZEIRO DO SUL,11,-
410680 CRUZ MACHADO,35,-
410690 CURITIBA,2458,2569
410700 CURIUVA,16,3
410710 DIAMANTE DO NORTE,19,-
410720 DOIS VIZINHOS,41,10
410750 ENGENHEIRO BELTRAO,31,3
410753 ENTRE RIOS DO OESTE,10,2
410760 FAXINAL,22,-
410765 FAZENDA RIO GRANDE,47,-
410775 FIGUEIRA,31,-
410790 FLORESTA,23,-
410800 FLORESTOPOLIS,17,-
410820 FORMOSA DO OESTE,44,1
410830 FOZ DO IGUACU,297,125
410832 FRANCISCO ALVES,10,-
410840 FRANCISCO BELTRAO,208,71
410855 GODOY MOREIRA,10,-
410860 GOIOERE,53,45
410870 GRANDES RIOS,26,-
410880 GUAIRA,50,12
410890 GUAIRACA,16,-
410900 GUAPIRAMA,4,-
410930 GUARANIACU,38,1
410940 GUARAPUAVA,284,141
410950 GUARAQUECABA,14,-
410960 GUARATUBA,32,-
410970 IBAITI,51,-
410975 IBEMA,43,-
410980 IBIPORA,63,64
411030 INAJA,11,-
411040 INDIANOPOLIS,16,-
411050 IPIRANGA,18,-
411060 IPORA,31,-
411070 IRATI,123,92
411080 IRETAMA,19,-
411095 ITAIPULANDIA,25,-
411100 ITAMBARACA,21,-
411125 ITAPERUCU,34,-
411130 ITAUNA DO SUL,17,-
411140 IVAI,16,-
411150 IVAIPORA,190,21
411170 JABOTI,18,-
411180 JACAREZINHO,86,31
411190 JAGUAPITA,28,-
411200 JAGUARIAIVA,71,-
411210 JANDAIA DO SUL,345,11
411240 JAPURA,16,3
411250 JARDIM ALEGRE,23,-
411275 JESUITAS,30,4
411280 JOAQUIM TAVORA,26,5
411290 JUNDIAI DO SUL,14,-
411300 JUSSARA,18,-
411310 KALORE,23,-
411320 LAPA,106,40
411330 LARANJEIRAS DO SUL,100,17
411345 LINDOESTE,20,-
411350 LOANDA,118,20
411370 LONDRINA,1210,717
411375 LUNARDELLI,18,11
411380 LUPIONOPOLIS,16,-
411390 MALLET,33,6
411400 MAMBORE,14,-
411420 MANDAGUARI,47,33
411430 MANDIRITUBA,46,-
411440 MANGUEIRINHA,50,9
411450 MANOEL RIBAS,32,-
411460 MARECHAL CANDIDO RONDON,22,54
411500 MARILENA,23,-
411520 MARINGA,703,842
411535 MARIPA,2,-
411540 MARMELEIRO,12,-
411550 MARUMBI,21,-
411560 MATELANDIA,43,5
411570 MATINHOS,12,-
411580 MEDIANEIRA,56,64
411600 MIRASELVA,10,-
411605 MISSAL,32,4
411620 MORRETES,18,-
411670 NOVA AURORA,47,3
411680 NOVA CANTU,20,2
411690 NOVA ESPERANCA,35,-
411695 NOVA ESPERANCA DO SUDOESTE,12,-
411700 NOVA FATIMA,14,2
411710 NOVA LONDRINA,31,2
411720 NOVA OLIMPIA,16,-
411722 NOVA SANTA ROSA,7,12
411727 NOVA TEBAS,49,-
411730 ORTIGUEIRA,-,11
411750 PAICANDU,32,-
411760 PALMAS,90,1
411770 PALMEIRA,30,6
411790 PALOTINA,48,20
411820 PARANAGUA,123,76
411830 PARANAPOEMA,5,-
411840 PARANAVAI,140,67
411845 PATO BRAGADO,20,-
411850 PATO BRANCO,166,106
411890 PEROLA,21,-
411910 PIEN,50,3
411915 PINHAIS,250,5
411920 PINHALAO,6,27
411940 PIRAI DO SUL,18,-
411950 PIRAQUARA,498,225
411960 PITANGA,81,8
411970 PLANALTINA DO PARANA,12,-
411980 PLANALTO,35,7
411990 PONTA GROSSA,477,205
411995 PONTAL DO PARANA,-,2
412000 PORECATU,31,-
412020 PORTO RICO,10,-
412033 PRADO FERREIRA,20,-
412035 PRANCHITA,31,8
412050 PRIMEIRO DE MAIO,10,-
412060 PRUDENTOPOLIS,115,10
412070 QUATIGUA,26,2
412090 QUEDAS DO IGUACU,45,-
412100 QUERENCIA DO NORTE,26,1
412120 QUITANDINHA,22,3
412130 RANCHO ALEGRE,16,-
412150 REBOUCAS,52,4
412180 RIBEIRAO CLARO,51,3
412190 RIBEIRAO DO PINHAL,51,-
412200 RIO AZUL,52,3
412220 RIO BRANCO DO SUL,30,-
412230 RIO NEGRO,30,10
412240 ROLANDIA,211,35
412250 RONCADOR,32,-
412260 RONDON,25,4
412265 ROSARIO DO IVAI,20,-
412290 SALTO DO ITARARE,16,-
412310 SANTA AMELIA,15,-
412350 SANTA HELENA,26,3
412370 SANTA ISABEL DO IVAI,19,8
412380 SANTA IZABEL DO OESTE,50,-
412390 SANTA MARIANA,40,-
412400 SANTANA DO ITARARE,20,-
412410 SANTO ANTONIO DA PLATINA,139,24
412420 SANTO ANTONIO DO CAIUA,10,-
412430 SANTO ANTONIO DO PARAISO,10,-
412440 SANTO ANTONIO DO SUDOESTE,23,5
412460 SAO CARLOS DO IVAI,16,1
412470 SAO JERONIMO DA SERRA,20,-
412490 SAO JOAO DO CAIUA,17,-
412500 SAO JOAO DO IVAI,18,-
412510 SAO JOAO DO TRIUNFO,25,-
412535 SAO JORGE DO PATROCINIO,22,-
412540 SAO JOSE DA BOA VISTA,18,-
412545 SAO JOSE DAS PALMEIRAS,19,3
412550 SAO JOSE DOS PINHAIS,113,56
412560 SAO MATEUS DO SUL,38,12
412570 SAO MIGUEL DO IGUACU,198,165
412580 SAO PEDRO DO IVAI,23,2
412600 SAO SEBASTIAO DA AMOREIRA,8,-
412620 SAPOPEMA,31,-
412625 SARANDI,98,54
412640 SERTANEJA,23,-
412650 SERTANOPOLIS,16,-
412660 SIQUEIRA CAMPOS,35,19
412667 TAMARANA,5,-
412670 TAMBOARA,9,-
412690 TAPIRA,7,-
412700 TEIXEIRA SOARES,5,-
412710 TELEMACO BORBA,145,62
412720 TERRA BOA,60,2
412730 TERRA RICA,27,4
412750 TIBAGI,30,-
412760 TIJUCAS DO SUL,16,-
412770 TOLEDO,167,192
412780 TOMAZINA,50,16
412785 TRES BARRAS DO PARANA,34,-
412788 TUNAS DO PARANA,6,-
412790 TUNEIRAS DO OESTE,22,-
412796 TURVO,49,4
412800 UBIRATA,51,55
412810 UMUARAMA,536,155
412820 UNIAO DA VITORIA,117,143
412840 URAI,46,2
412850 WENCESLAU BRAZ,50,-
412855 VERA CRUZ DO OESTE,26,1
412860 VERE,18,2
412863 DOUTOR ULYSSES,4,-
420010 ABELARDO LUZ,38,4
420020 AGROLANDIA,15,12
420040 AGUA DOCE,24,7
420070 ALFREDO WAGNER,27,-
420090 ANGELINA,34,11
420100 ANITA GARIBALDI,35,1
420110 ANITAPOLIS,21,22
420127 ARABUTA,19,4
420140 ARARANGUA,116,5
420150 ARMAZEM,36,-
420160 ARROIO TRINTA,20,2
420190 AURORA,13,1
420200 BALNEARIO CAMBORIU,97,207
420220 BENEDITO NOVO,1,1
420230 BIGUACU,63,-
420240 BLUMENAU,433,326
420250 BOM JARDIM DA SERRA,14,-
420260 BOM RETIRO,38,12
420280 BRACO DO NORTE,46,19
420290 BRUSQUE,248,65
420300 CACADOR,69,28
420310 CAIBI,18,2
420320 CAMBORIU,47,119
420330 CAMPO ALEGRE,20,10
420340 CAMPO BELO DO SUL,27,2
420350 CAMPO ERE,29,16
420360 CAMPOS NOVOS,55,21
420370 CANELINHA,18,-
420380 CANOINHAS,50,26
420390 CAPINZAL,59,4
420400 CATANDUVAS,23,10
420410 CAXAMBU DO SUL,24,3
420420 CHAPECO,270,154
420430 CONCORDIA,105,82
420440 CORONEL FREITAS,25,-
420455 CORREIA PINTO,19,-
420460 CRICIUMA,298,217
420470 CUNHA PORA,41,7
420480 CURITIBANOS,92,34
420490 DESCANSO,41,7
420500 DIONISIO CERQUEIRA,36,6
420530 FAXINAL DOS GUEDES,36,1
420540 FLORIANOPOLIS,1133,787
420550 FRAIBURGO,41,11
420580 GARUVA,-,20
420590 GASPAR,92,7
420640 GUARACIABA,30,2
420650 GUARAMIRIM,50,-
420660 GUARUJA DO SUL,19,2
420680 IBICARE,-,30
420690 IBIRAMA,80,-
420700 ICARA,87,4
420720 IMARUI,26,1
420730 IMBITUBA,64,8
420750 INDAIAL,106,13
420760 IPIRA,24,4
420765 IPORA DO OESTE,27,6
420770 IPUMIRIM,19,1
420780 IRANI,26,3
420790 IRINEOPOLIS,19,-
420800 ITA,26,9
420810 ITAIOPOLIS,13,-
420820 ITAJAI,404,54
420830 ITAPEMA,35,22
420840 ITAPIRANGA,30,13
420850 ITUPORANGA,44,16
420870 JACINTO MACHADO,34,12
420880 JAGUARUNA,44,5
420890 JARAGUA DO SUL,236,108
420900 JOACABA,126,104
420910 JOINVILLE,752,384
420915 JOSE BOITEUX,1,-
420930 LAGES,364,127
420940 LAGUNA,70,14
420950 LAURENTINO,1,-
420960 LAURO MULLER,34,-
420970 LEBON REGIS,41,-
420985 LINDOIA DO SUL,69,10
421000 LUIZ ALVES,50,-
421003 LUZERNA,86,5
421010 MAFRA,95,14
421030 MAJOR VIEIRA,30,5
421050 MARAVILHA,62,14
421060 MASSARANDUBA,19,2
421080 MELEIRO,30,20
421090 MODELO,27,4
421100 MONDAI,52,11
421105 MONTE CARLO,13,-
421120 MORRO DA FUMACA,84,24
421130 NAVEGANTES,56,4
421140 NOVA ERECHIM,27,6
421150 NOVA TRENTO,50,-
421160 NOVA VENEZA,50,10
421170 ORLEANS,36,19
421175 OTACILIO COSTA,49,-
421190 PALHOCA,-,47
421200 PALMA SOLA,30,6
421210 PALMITOS,53,10
421220 PAPANDUVA,30,5
421250 PENHA,22,48
421260 PERITIBA,26,6
421270 PETROLANDIA,14,2
421290 PINHALZINHO,24,15
421320 POMERODE,40,15
421330 PONTE ALTA,38,-
421340 PONTE SERRADA,67,13
421360 PORTO UNIAO,79,12
421370 POUSO REDONDO,28,7
421380 PRAIA GRANDE,50,1
421400 PRESIDENTE GETULIO,42,2
421420 QUILOMBO,44,6
421450 RIO DO CAMPO,24,-
421470 RIO DOS CEDROS,43,6
421480 RIO DO SUL,176,82
421490 RIO FORTUNA,24,6
421500 RIO NEGRINHO,82,14
421530 SALETE,31,-
421540 SALTO VELOSO,13,2
421550 SANTA CECILIA,85,35
421570 SANTO AMARO DA IMPERATRIZ,73,2
421580 SAO BENTO DO SUL,66,51
421590 SAO BONIFACIO,29,-
421600 SAO CARLOS,31,19
421620 SAO FRANCISCO DO SUL,37,-
421625 SAO JOAO DO OESTE,20,3
421630 SAO JOAO BATISTA,30,5
421650 SAO JOAQUIM,54,20
421660 SAO JOSE,708,243
421670 SAO JOSE DO CEDRO,22,5
421690 SAO LOURENCO DO OESTE,38,10
421710 SAO MARTINHO,20,2
421720 SAO MIGUEL DO OESTE,82,37
421725 SAO PEDRO DE ALCANTARA,108,-
421730 SAUDADES,29,2
421750 SEARA,39,12
421770 SOMBRIO,107,16
421780 TAIO,65,1
421790 TANGARA,30,10
421800 TIJUCAS,25,25
421810 TIMBE DO SUL,24,6
421820 TIMBO,125,23
421830 TRES BARRAS,49,11
421840 TREZE DE MAIO,39,2
421860 TROMBUDO CENTRAL,67,1
421870 TUBARAO,222,163
421875 TUNAPOLIS,57,3
421880 TURVO,36,24
421890 URUBICI,46,3
421900 URUSSANGA,69,27
421910 VARGEAO,20,4
421920 VIDAL RAMOS,20,-
421930 VIDEIRA,101,44
421935 VITOR MEIRELES,15,2
421940 WITMARSUM,21,-
421950 XANXERE,101,34
421960 XAVANTINA,20,3
421970 XAXIM,31,-
430003 ACEGUA,34,8
430010 AGUDO,41,12
430020 AJURICABA,38,10
430030 ALECRIM,30,20
430040 ALEGRETE,132,35
430050 ALPESTRE,22,1
430060 ALVORADA,90,21
430064 AMETISTA DO SUL,29,3
430070 ANTA GORDA,25,13
430080 ANTONIO PRADO,35,16
430090 ARATIBA,31,5
430100 ARROIO DO MEIO,65,5
430120 ARROIO DO TIGRE,61,15
430130 ARROIO GRANDE,36,12
430140 ARVOREZINHA,31,20
430150 AUGUSTO PESTANA,49,6
430160 BAGE,152,85
430190 BARRA DO RIBEIRO,43,-
430210 BENTO GONCALVES,138,115
430220 BOA VISTA DO BURICA,25,15
430230 BOM JESUS,28,8
430235 BOM PRINCIPIO,27,16
430240 BOM RETIRO DO SUL,36,14
430245 BOQUEIRAO DO LEAO,31,8
430270 BUTIA,38,-
430280 CACAPAVA DO SUL,59,20
430290 CACEQUI,30,6
430300 CACHOEIRA DO SUL,121,48
430310 CACHOEIRINHA,81,-
430330 CAIBATE,30,10
430340 CAICARA,33,8
430350 CAMAQUA,92,14
430360 CAMBARA DO SUL,32,-
430370 CAMPINA DAS MISSOES,46,9
430380 CAMPINAS DO SUL,49,-
430390 CAMPO BOM,91,-
430400 CAMPO NOVO,34,1
430420 CANDELARIA,78,26
430430 CANDIDO GODOI,32,7
430440 CANELA,39,9
430450 CANGUCU,76,24
430460 CANOAS,703,268
430463 CAPAO DA CANOA,86,5
430470 CARAZINHO,84,64
430480 CARLOS BARBOSA,35,37
430490 CASCA,25,8
430510 CAXIAS DO SUL,673,679
430520 CERRO LARGO,32,23
430530 CHAPADA,36,13
430535 CHARQUEADAS,54,-
430540 CHIAPETTA,25,5
430570 CONDOR,29,5
430580 CONSTANTINA,18,5
430590 CORONEL BICACO,19,11
430600 CRISSIUMAL,36,16
430610 CRUZ ALTA,98,163
430620 CRUZEIRO DO SUL,6,-
430630 DAVID CANABARRO,27,5
430640 DOIS IRMAOS,57,9
430645 DOIS LAJEADOS,35,15
430650 DOM FELICIANO,20,5
430660 DOM PEDRITO,98,26
430680 ENCANTADO,35,95
430690 ENCRUZILHADA DO SUL,47,12
430700 ERECHIM,146,116
430710 HERVAL,34,-
430750 ESPUMOSO,51,-
430755 ESTACAO,23,19
430760 ESTANCIA VELHA,51,-
430770 ESTEIO,151,7
430780 ESTRELA,83,27
430790 FARROUPILHA,83,53
430800 FAXINAL DO SOTURNO,55,13
430810 FELIZ,51,10
430820 FLORES DA CUNHA,33,18
430840 FORMIGUEIRO,20,-
430845 FORTALEZA DOS VALOS,21,3
430850 FREDERICO WESTPHALEN,77,18
430860 GARIBALDI,55,36
430870 GAURAMA,30,-
430890 GETULIO VARGAS,51,27
430900 GIRUA,42,7
430910 GRAMADO,59,33
430920 GRAVATAI,121,51
430925 GUABIJU,4,-
430930 GUAIBA,54,-
430940 GUAPORE,45,25
430950 GUARANI DAS MISSOES,35,9
430960 HORIZONTINA,47,25
430970 HUMAITA,24,6
431000 IBIRUBA,25,16
431010 IGREJINHA,51,20
431020 IJUI,183,176
431030 ILOPOLIS,24,16
431050 IRAI,55,15
431053 ITAARA,-,20
431060 ITAQUI,57,10
431070 ITATIBA DO SUL,10,-
431075 IVORA,19,5
431080 IVOTI,31,23
431085 JABOTICABA,44,8
431100 JAGUARAO,60,15
431110 JAGUARI,45,11
431112 JAQUIRANA,9,-
431120 JULIO DE CASTILHOS,49,18
431130 LAGOA VERMELHA,47,26
431140 LAJEADO,111,38
431150 LAVRAS DO SUL,23,1
431180 MARAU,57,72
431190 MARCELINO RAMOS,41,11
431200 MARIANO MORO,10,-
431205 MARQUES DE SOUZA,30,10
431210 MATA,15,5
431220 MAXIMILIANO DE ALMEIDA,30,10
431240 MONTENEGRO,128,82
431250 MOSTARDAS,29,-
431260 MUCUM,25,6
431265 NAO-ME-TOQUE,33,17
431270 NONOAI,53,25
431290 NOVA BASSANO,29,21
431300 NOVA BRESCIA,23,14
431310 NOVA PALMA,36,16
431320 NOVA PETROPOLIS,26,8
431330 NOVA PRATA,43,28
431340 NOVO HAMBURGO,262,225
431350 OSORIO,77,17
431360 PAIM FILHO,48,4
431365 PALMARES DO SUL,30,9
431370 PALMEIRA DAS MISSOES,77,15
431380 PALMITINHO,48,3
431390 PANAMBI,48,23
431400 PARAI,28,12
431402 PARAISO DO SUL,27,2
431405 PAROBE,137,18
431410 PASSO FUNDO,562,457
431420 PEDRO OSORIO,40,6
431430 PEJUCARA,11,7
431440 PELOTAS,696,339
431447 PINHAL GRANDE,18,12
431450 PINHEIRO MACHADO,51,-
431460 PIRATINI,82,20
431470 PLANALTO,45,5
431480 PORTAO,51,-
431490 PORTO ALEGRE,4026,2682
431500 PORTO LUCENA,25,15
431510 PORTO XAVIER,31,19
431515 PROGRESSO,50,-
431520 PUTINGA,18,12
431530 QUARAI,51,11
431535 QUINZE DE NOVEMBRO,14,5
431550 RESTINGA SECA,43,8
431560 RIO GRANDE,383,72
431570 RIO PARDO,97,-
431575 RIOZINHO,30,3
431580 ROCA SALES,26,12
431590 RODEIO BONITO,39,12
431600 ROLANTE,50,2
431610 RONDA ALTA,99,14
431620 RONDINHA,23,10
431630 ROQUE GONZALES,32,3
431640 ROSARIO DO SUL,55,41
431643 SALDANHA MARINHO,14,-
431645 SALTO DO JACUI,23,9
431650 SALVADOR DO SUL,25,7
431660 SANANDUVA,48,18
431670 SANTA BARBARA DO SUL,38,13
431680 SANTA CRUZ DO SUL,192,125
431690 SANTA MARIA,517,461
431700 SANTANA DA BOA VISTA,30,-
431710 SANT'ANA DO LIVRAMENTO,90,104
431720 SANTA ROSA,115,68
431730 SANTA VITORIA DO PALMAR,51,9
431740 SANTIAGO,101,40
431750 SANTO ANGELO,131,82
431760 SANTO ANTONIO DA PATRULHA,80,-
431780 SANTO AUGUSTO,57,23
431790 SANTO CRISTO,34,22
431800 SAO BORJA,111,47
431810 SAO FRANCISCO DE ASSIS,55,10
431820 SAO FRANCISCO DE PAULA,79,6
431830 SAO GABRIEL,143,38
431840 SAO JERONIMO,178,16
431843 SAO JOAO DO POLESINE,50,-
431850 SAO JOSE DO NORTE,50,-
431860 SAO JOSE DO OURO,40,14
431870 SAO LEOPOLDO,200,30
431880 SAO LOURENCO DO SUL,137,41
431890 SAO LUIZ GONZAGA,103,19
431900 SAO MARCOS,45,30
431910 SAO MARTINHO,35,14
431915 SAO MIGUEL DAS MISSOES,30,8
431930 SAO PAULO DAS MISSOES,25,11
431940 SAO PEDRO DO SUL,46,6
431950 SAO SEBASTIAO DO CAI,58,31
431960 SAO SEPE,55,10
431980 SAO VICENTE DO SUL,40,1
431990 SAPIRANGA,88,40
432000 SAPUCAIA DO SUL,185,50
432010 SARANDI,62,16
432020 SEBERI,54,15
432026 SEGREDO,27,7
432030 SELBACH,20,12
432040 SERAFINA CORREA,36,19
432045 SERIO,10,-
432050 SERTAO,37,12
432060 SEVERIANO DE ALMEIDA,45,12
432067 SINIMBU,45,3
432070 SOBRADINHO,41,63
432080 SOLEDADE,59,38
432090 TAPEJARA,62,36
432100 TAPERA,28,13
432120 TAQUARA,71,-
432130 TAQUARI,41,9
432140 TENENTE PORTELA,72,22
432143 TERRA DE AREIA,-,3
432145 TEUTONIA,57,19
432150 TORRES,59,4
432160 TRAMANDAI,94,-
432170 TRES COROAS,51,4
432180 TRES DE MAIO,41,28
432190 TRES PASSOS,63,31
432195 TRINDADE DO SUL,48,-
432200 TRIUNFO,36,14
432210 TUCUNDUVA,22,12
432220 TUPANCIRETA,62,23
432230 TUPARENDI,26,11
432240 URUGUAIANA,110,43
432250 VACARIA,101,34
432253 VALE DO SOL,29,10
432260 VENANCIO AIRES,71,30
432270 VERA CRUZ,42,7
432280 VERANOPOLIS,39,34
432290 VIADUTOS,36,14
432300 VIAMAO,180,10
432380 XANGRI-LA,-,38
500020 AGUA CLARA,21,-
500025 ALCINOPOLIS,10,-
500060 AMAMBAI,57,29
500070 ANASTACIO,24,1
500080 ANAURILANDIA,8,4
500085 ANGELICA,14,13
500090 ANTONIO JOAO,10,-
500100 APARECIDA DO TABOADO,37,28
500110 AQUIDAUANA,116,38
500124 ARAL MOREIRA,9,-
500150 BANDEIRANTES,12,-
500190 BATAGUASSU,21,21
500210 BELA VISTA,28,4
500215 BODOQUENA,8,-
500220 BONITO,32,-
500230 BRASILANDIA,11,9
500240 CAARAPO,20,19
500260 CAMAPUA,17,4
500270 CAMPO GRANDE,1482,1057
500280 CARACOL,13,-
500290 CASSILANDIA,34,28
500295 CHAPADAO DO SUL,50,-
500315 CORONEL SAPUCAIA,9,-
500320 CORUMBA,115,42
500325 COSTA RICA,45,14
500330 COXIM,65,28
500345 DEODAPOLIS,12,-
500348 DOIS IRMAOS DO BURITI,13,-
500370 DOURADOS,346,192
500375 ELDORADO,18,12
500380 FATIMA DO SUL,49,10
500390 FIGUEIRAO,9,-
500400 GLORIA DE DOURADOS,9,2
500410 GUIA LOPES DA LAGUNA,16,10
500430 IGUATEMI,32,6
500440 INOCENCIA,13,-
500450 ITAPORA,22,-
500460 ITAQUIRAI,14,13
500470 IVINHEMA,32,-
500500 JARDIM,37,6
500510 JATEI,19,2
500515 JUTI,9,-
500520 LADARIO,-,10
500525 LAGUNA CARAPA,6,-
500540 MARACAJU,44,10
500560 MIRANDA,23,-
500568 MUNDO NOVO,42,6
500570 NAVIRAI,72,17
500580 NIOAQUE,6,-
500600 NOVA ALVORADA DO SUL,19,-
500620 NOVA ANDRADINA,74,29
500625 NOVO HORIZONTE DO SUL,12,5
500630 PARANAIBA,149,52
500635 PARANHOS,10,-
500640 PEDRO GOMES,34,-
500660 PONTA PORA,107,34
500690 PORTO MURTINHO,16,-
500710 RIBAS DO RIO PARDO,16,-
500720 RIO BRILHANTE,54,5
500730 RIO NEGRO,7,14
500740 RIO VERDE DE MATO GROSSO,25,-
500750 ROCHEDO,7,-
500755 SANTA RITA DO PARDO,8,-
500769 SAO GABRIEL DO OESTE,45,-
500770 SETE QUEDAS,18,-
500780 SELVIRIA,11,-
500790 SIDROLANDIA,36,17
500793 SONORA,10,12
500795 TACURU,8,-
500797 TAQUARUSSU,6,-
500830 TRES LAGOAS,162,88
500840 VICENTINA,7,-
510020 AGUA BOA,67,15
510025 ALTA FLORESTA,67,73
510030 ALTO ARAGUAIA,23,53
510060 ALTO TAQUARI,19,5
510080 APIACAS,31,-
510100 ARAGUAIANA,12,-
510125 ARAPUTANGA,16,3
510130 ARENAPOLIS,40,-
510140 ARIPUANA,27,4
510160 BARAO DE MELGACO,11,-
510170 BARRA DO BUGRES,39,-
510180 BARRA DO GARCAS,65,47
510190 BRASNORTE,40,-
510250 CACERES,336,2
510260 CAMPINAPOLIS,25,-
510263 CAMPO NOVO DO PARECIS,29,1
510267 CAMPO VERDE,60,6
510268 CAMPOS DE JULIO,16,-
510269 CANABRAVA DO NORTE,5,-
510270 CANARANA,29,19
510300 CHAPADA DOS GUIMARAES,-,1
510305 CLAUDIA,33,-
510310 COCALINHO,16,-
510320 COLIDER,62,49
510325 COLNIZA,34,3
510330 COMODORO,31,11
510335 CONFRESA,69,7
510337 COTRIGUACU,33,-
510340 CUIABA,1284,592
510350 DIAMANTINO,29,-
510360 DOM AQUINO,15,5
510385 GAUCHA DO NORTE,17,-
510390 GENERAL CARNEIRO,14,-
510410 GUARANTA DO NORTE,29,14
510420 GUIRATINGA,18,4
510455 ITAUBA,16,-
510460 ITIQUIRA,35,-
510480 JACIARA,58,-
510500 JAURU,32,5
510510 JUARA,36,31
510515 JUINA,87,27
510517 JURUENA,18,-
510520 JUSCIMEIRA,15,-
510525 LUCAS DO RIO VERDE,139,10
510550 VILA BELA DA SANTISSIMA TRINDADE,46,7
510558 MARCELANDIA,22,-
510560 MATUPA,26,18
510562 MIRASSOL D'OESTE,70,11
510590 NOBRES,34,7
510600 NORTELANDIA,30,-
510610 NOSSA SENHORA DO LIVRAMENTO,16,-
510615 NOVA BANDEIRANTES,14,-
510620 NOVA BRASILANDIA,13,-
510621 NOVA CANAA DO NORTE,5,-
510622 NOVA MUTUM,128,8
510623 NOVA OLIMPIA,37,19
510625 NOVA XAVANTINA,23,-
510627 NOVO HORIZONTE DO NORTE,8,3
510628 NOVO SAO JOAQUIM,26,-
510629 PARANAITA,41,-
510630 PARANATINGA,35,-
510637 PEDRA PRETA,31,-
510642 PEIXOTO DE AZEVEDO,63,-
510650 POCONE,58,3
510670 PONTE BRANCA,17,-
510675 PONTES E LACERDA,73,14
510677 PORTO ALEGRE DO NORTE,18,-
510680 PORTO DOS GAUCHOS,21,-
510682 PORTO ESPERIDIAO,4,-
510700 POXOREO,65,13
510704 PRIMAVERA DO LESTE,113,59
510706 QUERENCIA,29,5
510710 SAO JOSE DOS QUATRO MARCOS,22,9
510718 RIBEIRAO CASCALHEIRA,33,4
510719 RIBEIRAOZINHO,15,-
510720 RIO BRANCO,18,-
510730 SAO JOSE DO RIO CLARO,22,-
510760 RONDONOPOLIS,444,160
510770 ROSARIO OESTE,79,-
510774 SANTA CRUZ DO XINGU,4,5
510775 SALTO DO CEU,14,-
510777 SANTA TEREZINHA,22,-
510780 SANTO ANTONIO DO LEVERGER,20,-
510785 SAO FELIX DO ARAGUAIA,30,-
510787 SAPEZAL,33,19
510790 SINOP,223,155
510792 SORRISO,211,82
510794 TABAPORA,14,-
510795 TANGARA DA SERRA,97,99
510800 TAPURAH,20,-
510805 TERRA NOVA DO NORTE,37,-
510810 TESOURO,14,-
510820 TORIXOREU,24,1
510840 VARZEA GRANDE,366,70
510850 VERA,33,-
510860 VILA RICA,21,-
510895 NOVA MONTE VERDE,13,-
520010 ABADIANIA,9,-
520013 ACREUNA,38,34
520015 ADELANDIA,15,-
520017 AGUA FRIA DE GOIAS,5,-
520025 AGUAS LINDAS DE GOIAS,51,1
520030 ALEXANIA,34,-
520050 ALOANDIA,14,-
520055 ALTO HORIZONTE,24,-
520060 ALTO PARAISO DE GOIAS,12,-
520080 ALVORADA DO NORTE,32,-
520085 AMERICANO DO BRASIL,17,-
520090 AMORINOPOLIS,13,-
520110 ANAPOLIS,595,469
520130 ANICUNS,20,-
520140 APARECIDA DE GOIANIA,1010,241
520150 APORE,18,-
520160 ARACU,17,-
520170 ARAGARCAS,33,-
520180 ARAGOIANIA,7,-
520215 ARAGUAPAZ,10,-
520235 ARENOPOLIS,14,-
520250 ARUANA,15,-
520280 AVELINOPOLIS,12,-
520310 BALIZA,6,-
520320 BARRO ALTO,22,-
520330 BELA VISTA DE GOIAS,52,-
520340 BOM JARDIM DE GOIAS,23,-
520350 BOM JESUS DE GOIAS,22,-
520355 BONFINOPOLIS,2,-
520380 BRITANIA,24,-
520390 BURITI ALEGRE,25,7
520393 BURITI DE GOIAS,14,-
520400 CABECEIRAS,12,-
520410 CACHOEIRA ALTA,44,-
520425 CACHOEIRA DOURADA,18,-
520430 CACU,28,8
520440 CAIAPONIA,34,-
520450 CALDAS NOVAS,148,53
520465 CAMPINACU,29,-
520470 CAMPINORTE,12,-
520480 CAMPO ALEGRE DE GOIAS,18,-
520490 CAMPOS BELOS,29,14
520500 CARMO DO RIO VERDE,17,-
520505 CASTELANDIA,15,-
520510 CATALAO,159,117
520520 CATURAI,18,-
520530 CAVALCANTE,16,-
520540 CERES,132,182
520545 CEZARINA,15,-
520547 CHAPADAO DO CEU,24,-
520549 CIDADE OCIDENTAL,71,30
520551 COCALZINHO DE GOIAS,22,-
520552 COLINAS DO SUL,12,-
520570 CORREGO DO OURO,13,-
520580 CORUMBA DE GOIAS,14,67
520590 CORUMBAIBA,27,-
520620 CRISTALINA,42,13
520630 CRISTIANOPOLIS,8,-
520640 CRIXAS,60,26
520650 CROMINIA,11,-
520660 CUMARI,14,-
520670 DAMIANOPOLIS,13,-
520680 DAMOLANDIA,15,-
520710 DIORAMA,14,-
520725 DOVERLANDIA,24,-
520735 EDEALINA,10,-
520740 EDEIA,25,1
520750 ESTRELA DO NORTE,18,-
520753 FAINA,19,-
520760 FAZENDA NOVA,16,-
520780 FIRMINOPOLIS,32,11
520790 FLORES DE GOIAS,7,-
520800 FORMOSA,104,74
520810 FORMOSO,25,-
520830 DIVINOPOLIS DE GOIAS,24,-
520840 GOIANAPOLIS,16,-
520850 GOIANDIRA,26,7
520860 GOIANESIA,135,75
520870 GOIANIA,3287,3404
520880 GOIANIRA,27,25
520890 GOIAS,27,6
520910 GOIATUBA,66,76
520929 GUARAITA,10,-
520960 HEITORAI,10,-
520970 HIDROLANDIA,21,-
520980 HIDROLINA,28,-
520990 IACIARA,17,-
520993 INACIOLANDIA,16,-
520995 INDIARA,20,31
521000 INHUMAS,67,45
521010 IPAMERI,120,26
521020 IPORA,22,62
521030 ISRAELANDIA,8,-
521040 ITABERAI,31,38
521060 ITAGUARU,10,-
521080 ITAJA,18,-
521090 ITAPACI,41,-
521100 ITAPIRAPUA,23,-
521120 ITAPURANGA,57,34
521130 ITARUMA,17,-
521140 ITAUCU,18,-
521150 ITUMBIARA,251,40
521160 IVOLANDIA,16,-
521170 JANDAIA,13,-
521180 JARAGUA,71,8
521190 JATAI,127,40
521200 JAUPACI,10,-
521210 JOVIANIA,18,-
521220 JUSSARA,29,38
521250 LUZIANIA,132,81
521260 MAIRIPOTABA,13,-
521270 MAMBAI,15,-
521280 MARA ROSA,18,26
521290 MARZAGAO,24,-
521295 MATRINCHA,14,-
521300 MAURILANDIA,12,-
521308 MINACU,51,53
521310 MINEIROS,139,50
521350 MONTE ALEGRE DE GOIAS,16,-
521370 MONTES CLAROS DE GOIAS,24,-
521375 MONTIVIDIU,18,-
521380 MORRINHOS,66,32
521385 MORRO AGUDO DE GOIAS,19,-
521390 MOSSAMEDES,20,-
521400 MOZARLANDIA,20,-
521405 MUNDO NOVO,18,-
521410 MUTUNOPOLIS,19,-
521440 NAZARIO,16,-
521450 NEROPOLIS,51,95
521460 NIQUELANDIA,58,45
521470 NOVA AMERICA,4,-
521483 NOVA CRIXAS,45,-
521500 NOVA VENEZA,5,-
521520 NOVO BRASIL,10,-
521523 NOVO GAMA,11,-
521530 ORIZONA,28,-
521550 OUVIDOR,19,-
521560 PADRE BERNARDO,28,1
521565 PALESTINA DE GOIAS,19,-
521570 PALMEIRAS DE GOIAS,37,27
521580 PALMELO,9,-
521590 PALMINOPOLIS,19,-
521600 PANAMA,9,-
521630 PARANAIGUARA,27,-
521640 PARAUNA,20,-
521680 PETROLINA DE GOIAS,29,2
521710 PIRACANJUBA,60,10
521720 PIRANHAS,28,-
521730 PIRENOPOLIS,38,-
521740 PIRES DO RIO,35,-
521760 PLANALTINA,43,32
521770 PONTALINA,31,28
521800 PORANGATU,47,29
521805 PORTEIRAO,16,-
521810 PORTELANDIA,17,-
521830 POSSE,53,2
521850 QUIRINOPOLIS,59,67
521860 RIALMA,25,-
521878 RIO QUENTE,9,-
521880 RIO VERDE,364,177
521890 RUBIATABA,50,30
521900 SANCLERLANDIA,17,-
521910 SANTA BARBARA DE GOIAS,15,-
521920 SANTA CRUZ DE GOIAS,16,-
521925 SANTA FE DE GOIAS,17,-
521930 SANTA HELENA DE GOIAS,146,30
521950 SANTA ROSA DE GOIAS,16,-
521960 SANTA TEREZA DE GOIAS,17,-
521970 SANTA TEREZINHA DE GOIAS,38,-
521973 SANTO ANTONIO DE GOIAS,19,-
521975 SANTO ANTONIO DO DESCOBERTO,14,100
521980 SAO DOMINGOS,22,-
521990 SAO FRANCISCO DE GOIAS,11,-
522000 SAO JOAO D'ALIANCA,26,-
522010 SAO LUIS DE MONTES BELOS,52,49
522015 SAO LUIZ DO NORTE,24,-
522020 SAO MIGUEL DO ARAGUAIA,58,41
522026 SAO MIGUEL DO PASSA QUATRO,11,-
522040 SAO SIMAO,50,-
522045 SENADOR CANEDO,61,6
522050 SERRANOPOLIS,21,-
522060 SILVANIA,40,-
522068 SIMOLANDIA,20,-
522100 TAQUARAL DE GOIAS,25,21
522119 TEREZOPOLIS DE GOIAS,3,-
522130 TRES RANCHOS,6,6
522140 TRINDADE,469,85
522145 TROMBAS,15,-
522150 TURVANIA,17,-
522155 TURVELANDIA,19,-
522160 URUACU,349,87
522170 URUANA,20,27
522185 VALPARAISO DE GOIAS,35,38
522200 VIANOPOLIS,32,8
522205 VICENTINOPOLIS,16,-
522220 VILA BOA,13,-
530010 BRASILIA,4595,3236
Total,309606,140561
A partir da competência de Janeiro 2010 os dados referentes,,
a leitos Complementares foram retirados da consulta referente,,
"a leitos de Internação, passando a constituir uma consulta específica conforme descrito na Nota Técnica.",,
Fonte: Ministério da Saúde - Cadastro Nacional dos Estabelecimentos de Saúde do Brasil - CNES,,
Nota:,,
- Os dados relativos ao Cadastro Nacional de Estabelecimentos de Saúde (CNES) exibidos no TABNET referem-se aos registros constantes no Banco de Dados Nacional do CNES com status ATIVO.,,
"- A partir do processamento de junho de 2012, houve mudança na classificação da natureza e esfera dos estabelecimentos. Com isso, temos que:",,
,,
"Até maio de 2012 estas informações estão disponíveis como ""Natureza"" e ""Esfera Administrativa"".",,
"De junho de 2012 a outubro de 2015, estão disponíveis tanto como ""Natureza"" e ""Esfera Administrativa"", como ""Natureza Jurídica"" e ""Esfera Jurídica"".",,
"A partir de novembro de 2015, estão disponíveis como ""Natureza Jurídica"" e ""Esfera Jurídica"".",,